Sequence,Activity
KCSWWNASCHLGNNGKICTVSHECAAGCNL,positive
CVHWQTNTARTSCIGP,positive
GLFDIIKKVASVVGGL,positive
FKRWVQRWKRFLR,"positive, negative"
KKLKLAPAKLALLWKALALKLKKA,negative
FLSIIAKVLGSLF,positive
INMKASAAVAKKLL,"positive, negative"
DPQTDCQQCQRRCRQQESGPRQQQYCQRRCKEICEEEEEYN,positive
ARLKKCFNKVTGYCRKKCKVGERYEIGCLSGKLCCAN,"positive, negative"
GFWDSVKEGLKNAAVTILNKIKCKISECPPA,"positive, negative"
EFELDRICGYGTARCRKKCRSQEYRIGRCPNTYACCLRKWDESLLNRTKP,"positive, negative"
KCRRRKVHGPMIRIRKK,"positive, negative"
RPRPNYRPRPIYRP,"positive, negative"
GIMSSLMKKLAAHIAK,"positive, negative"
MLCKLSMFGAVLGVPACAIDCLPMGKTGGSCEGGVCGCRKLTFKILWDKKFG,"positive, negative"
GWMSKIASGIGTFLSGMQQ,"positive, negative"
FLPIIAGVAAKVLPKLFCAITKKC,"positive, negative"
FACRRWQWRMKKLGA,"positive, negative"
AKRLKKLFKKIWNWK,"positive, negative"
GNLKKLLAVAKKIL,"positive, negative"
RRCICTTRTCRFPYRRLGTCIFQNRVYTFCC,"positive, negative"
KVPIGAIKKGGKIIKKGLGVIGAAGTAHEVYSHVKNRQ,"positive, negative"
GLFSILRGAAKFASKGLGKDLTKLGVDLVACKISKQC,"positive, negative"
VWRHWRRFWHR,"positive, negative"
KFWKLLKKALRLWAKVL,"positive, negative"
KRKCPKTPFDNTPGAWFAHLILGC,negative
LNLKALAAVAKKIL,"positive, negative"
NPLIPAIYIGATVGPSVWAYLVALVGAAAVTAANIRRASSDNHSCAGNRGWCRSKCFRHEYVDTYYSAVCGRYFCCRSR,"positive, negative"
KLLKFIKKLL,"positive, negative"
FFHHIFRGIVHVGKTIHRLVTG,"positive, negative"
GIKIRKLFKKLLR,negative
ALWKTMLKKLGTMALHAGKAAFGAAADTISQ,"positive, negative"
ALWKDVLKKIGTVALHAGKAALGAVADTISQ,positive
GSEIQPR,positive
KWKSFIKNLTKGGSKILTTGLPALIS,negative
WRCRRRFCRW,"positive, negative"
QQRKRKIWSILAPLGTTLVKLVAGIG,"positive, negative"
INWSKIFEKVKNLV,"positive, negative"
RGFRKHFNKLVKKVKHTISETAHVAKDTAVIAGSGAAVVAAT,"positive, negative"
KYYGNGVHCTKSGCSVNWGEAFSAGVHRLANGGNGFW,positive
LPFVAGVAAEMMQHVYCAASKKC,"positive, negative"
NLCERASLTWTGNCGNTGHCDTQCRNWESAKHGACHKRGNWKCFCYFDC,positive
WWRELLKKLAFTAAGHLGSVLAAKQSGW,"positive, negative"
ITPATPFTPAIITEITAAVIA,positive
INWLKLGKKILGAL,"positive, negative"
KWCFCVCYRGICRCRCRG,"positive, negative"
AKRLKKLAKKIWKWL,"positive, negative"
GIMDTVKNAAKNLAGQLLDKLK,"positive, negative"
AVTCNTVVSSLAPCVPFFAGSAAQPTAACCNGVRSLNSAARTTPDRRTACNCIKSSASSIGLNYNKAAKLPSRCTVNVTVPISPSVNCAT,"positive, negative"
GLMSTLKDFGKTAAKEIAQSLLSTASCKLAKTC,"positive, negative"
AKCLRWQWEMRKVGG,negative
VNWKKVLGKIIKVAK,"positive, negative"
GIMSSLMKKLAKHIAK,"positive, negative"
GFLGPLLKLAAKGVAKVIPHLIPSRQQ,"positive, negative"
APRKNVRW,negative
FLPAIVGAAAKFLPKIFCAISKKC,"positive, negative"
GIGTKILGGVKTALKGALKELASTYVN,"positive, negative"
GLASTLGSFLGKFAKGGAQAFLQPK,"positive, negative"
CFKFKFKFGSGFKFKFKFC,negative
VNWKKVLPKIIKVAK,"positive, negative"
SLRGFLKGVGTALAGVGKVVADQFDKLLQAGQ,positive
KWKSFIKKLTSAAKKVLTTGLPALIS,negative
IAPIIVAGLGYLVKDAWDHSDQIISGFKKGWNGGRRK,positive
GAWKNFWSSLRKGFYDGEAGRAIRR,positive
FLQRIIGALGRLF,"positive, negative"
ESISVAGGTWNYGYGVGQAYSHYKHDYNNHGAKVVNSNNGVKDYKNAGPGVWAKASIGTVWDPATFYYNPTGFYSN,positive
GILSNVLGMGKKIVCGLSGLC,negative
SVLGTVKDLLIGAGKSAAQSVLTANSCKLSNSC,"positive, negative"
RLCRIVPVIRVCR,"positive, negative"
ILSAIWSGIKSLF,"positive, negative"
GIMSSLMKKLKAHIAK,"positive, negative"
IGKLFKRIVKRILKFLRKL,"positive, negative"
LVATGMAAGVAKTIVNAVSAGMDIATALSLFSGAFTAAGGIMALIKKYAQKKLWKQLIAA,positive
KNLRRITRKIIHIIKKYG,"positive, negative"
KWCFRVCYRGICARRCR,"positive, negative"
INPFVAGVAAEMMQHVYCAASKKC,"positive, negative"
QFTNVSCTTSKECWSVCQRLHNTSRGKCMNKKCRCYS,"positive, negative"
RRLCRIVWVIRVCRR,"positive, negative"
GWGDVLCVAGTIGGAGTGGLGGAAAGSAVPVIGTGIGGAIGGVSGGLTGAATFC,positive
GKVWDWIKSTAKKLWNSEPVKELKNTALNAAKNFVAEKIGATPS,"positive, negative"
IPCGESCVWIPCITAIAGCSCKNKVCYT,"positive, negative"
GLFTLIKGAVKMIGKTVAKEAGKTGLELMACKVTNQC,"positive, negative"
GLLGAMFKVASKVLPHVVPAITEHF,"positive, negative"
RRRPRPPYLPRPRPPPFFPPRLPPRIPPGFPPRFPPRFP,"positive, negative"
HRWWRWWRR,"positive, negative"
IGKKFKRIVQRIKDFLRNL,"positive, negative"
FFPIIAGMAAKLIPSLFCKITKKC,"positive, negative"
GLFSKFAGKGIKNFLIKGVKHIGKEVGMDVIRVGIDVAGCKIKGVC,"positive, negative"
DAECEICKFVIQQVEAFIESNHSQAEIQKELNKLCSSVPSIFTQTCLSIARMVPYIIKKLEEHNSPGQVCQGLHLCKSS,positive
KRIVQRIKDWLR,"positive, negative"
QAGGQTCPGGICCSQWGYCGTTADYCSPNNNCQSNCWASG,negative
SGISGPLSCGRNGGVCIPIRCPVPMRQIGTCFGRPVKCCRSW,"positive, negative"
KWKLFKKIFKRIVQRIKDFLRN,"positive, negative"
LNLKALLAVAKKI,"positive, negative"
SLGVTLGAAGLYTATQTIATQIWKCGAVLTTSAECSRTGNSC,positive
RFRRLRWKTRWRLKKICYCRRRFCVCV,"positive, negative"
DLVCYCRARGCKGRERMNGTCRKGHLLYMLCCR,"positive, negative"
GEYCGESCYLIPCFTPGCYCVSRQCVNKN,"positive, negative"
KLCKIVVIKVCK,"positive, negative"
GLFTLIKGAAKLIGKTTAKEAGKTGKLEMACKITNQC,"positive, negative"
GLVTSLIKGAGKLLGGLFGSVTGGQS,"positive, negative"
VIPFVASVAAEMMHHVYCAASKRC,positive
INWLKLGKAIIDAL,"positive, negative"
GLFSKFAGKGIVNFLIEGVE,"positive, negative"
MRTGNAN,negative
MTDANVDARRARAPHGISGAIAGVVAGCAATIEIGCVEGAIAGIGPSGIASMIAALWTCRSKYRRFSSGSGYVMLLSWSAEFVFGYFIGCRCGFLLSQK,"positive, negative"
AKIPIKAIKTVGKAVGKGLRAINIASTANDVFNFLKPKKRKH,"positive, negative"
LKLLKKLLKLLKKLGK,"positive, negative"
GLWNTKLEAGLLFAMGKLDLKRCLKAGGC,negative
FLPIIGKLLSGLL,"positive, negative"
KFRTRRSKSSSNGGRKGSKGGSKGRPGSGSSIAGA,"positive, negative"
KKLALALKKLALLWKKLALALKKA,negative
FLPIIASVAAKVFPKIFCAISKKC,"positive, negative"
WRLRWKTRWRLK,"positive, negative"
VTTSIPCTVMVSAAVCPTLVCSNKCGGRG,positive
SPPNQPSIMTFDYAKTNK,"positive, negative"
RSTEDIIKSISGGGFLNAMNA,"positive, negative"
GFRDVLKGAAKQFVKTVAGHIANI,negative
CEWYNISCQLGNKGQWCTLTKECQRSCK,positive
RRLRPRRPRLPRPRPRPRPRP,"positive, negative"
RISFKKGKGSWIKNGLIKGIKGLGKEISLDVIRTGIDIAGCKIKGEC,"positive, negative"
RAGLKFPVGRVHRLLR,"positive, negative"
RRFKLLSHSLLVTLASHL,"positive, negative"
IIGAIAAALPHVINAIKNTF,positive
GLFGKLIKKFGRKAISYAVKKARGKH,"positive, negative"
FLPFIAGMAAKFLPKIFCAISKKC,"positive, negative"
GLKDIFKAGLGSLVKGIAAHVAN,negative
FKLFKKIPKFLHLAKKF,"positive, negative"
RWLRWKTRWRLK,"positive, negative"
RRWHRHWRR,"positive, negative"
KKFFLKVLTKIRCKVAGGCRT,"positive, negative"
ITSFIGCTPGCGKTGSFNSFCC,positive
FVRWWSKWLRRIL,"positive, negative"
HPHVCTSYYCSKFCGTAGCTRYGCRNLHRGKLCFCLHCSR,"positive, negative"
GLGSVFGRLARILGRVIPKVAKKLGPKVAKVLPKVMKEAIPMAVEMAKSQEEQQPQ,"positive, negative"
KKGKGGG,"positive, negative"
GLGALWNVAKSVF,"positive, negative"
GKCSVLKKVACAAAIAGAVAACGGIDLPCVLAALKAAEGCASCFCEDHCHGVCKDLHLC,"positive, negative"
ATCDLASKWNWNHTLCAAHCIARRYRGGYCNSKAVCVCR,positive
TNWKKIGKCYAGTLGSAVLGFGAMGPVGYWAGAGVGYASFC,positive
FLPIAGKLLSGLSGLL,"positive, negative"
RFRRLRWKTRWRLKKI,"positive, negative"
KIWFQNRRMKWKK,"positive, negative"
FDVMGIIKKIAGAL,"positive, negative"
LKKWWKTSKGLLGGLLGKVTSVIK,"positive, negative"
FKCRRWQWR,"positive, negative"
LKLLKKLLKLLKKLGGGK,"positive, negative"
VIPFVASVAAEMMQHVYCAASKKC,"positive, negative"
WNDTGKDADGSEY,positive
KWKLFKKIEKVGQNIRDGIIKAGPAVAVVGQATQIAK,"positive, negative"
YLAFRCGRYSPCLDDGPNVNLYSCCSFYNCHKCLARLENCPKGLHYNAYLKVCDWPSKAGCTSVNKECHLWKT,"positive, negative"
GLFDIVKKIAGHIAGSI,positive
SKVWRHWRRFWHRAHRKL,"positive, negative"
FFPIVAGVAGQVLKKIYCTISKKC,negative
GCRRLCYRQRCVTYCRGR,"positive, negative"
SLQPGAPNVNNKDQPWQVSPHISRDDSGNTRTDINVQRHGENNDFEAGWSKVVRGPNKAKPTWHIGGTHRW,negative
RIKRFWPVVIRTVVAGYNLYRA,"positive, negative"
RESPSSRMECYEQAERYGYGGYGGGRYGGGYGSGRGQPVGQGVERSHDDNRNQPR,negative
GWRTLLKKAEVKTVGKLALKHYL,"positive, negative"
RYHMQCGYRGTFCTPGKCPHGNAYLGLCRPKYSCCRWL,negative
INLKALAALAKKIL,"positive, negative"
KWCRCVCRRGICYCRCRG,"positive, negative"
LQDAALGWSRRCPRCPPCPNCRRCPRCPTCPSCNCNPK,"positive, negative"
ATYRTGRATRESLSGVEISGRLYRLR,"positive, negative"
KWKKFIKSLTKSAAKTVVKTAKKPLIV,negative
ACYCRIGACVSGERLTGACGLNGRIYRLCCR,"positive, negative"
IIGPVLGLVGSALGGLLKKI,"positive, negative"
FLKALWNVAKKVF,"positive, negative"
GALRGCWTKSYPPKPCK,"positive, negative"
AERVGAGAPVYL,positive
GPVGLLSSPGSLPPVGGAP,"positive, negative"
GVIAAAKKVVNVLKNLF,positive
KYYGNGVTCGKHSCSVDWGKATTCIINNGAMAWATGGHQGNHKC,positive
GCRFCCNCCPNMSGCGVCCRF,negative
WGRAFRRLVRRLARGLRR,"positive, negative"
ATCDLASIFNVNHTLCAAHCIARRYRGGYCNSKAVCVCR,positive
GVTFNALKGVAKTVAAQLLKTAR,"positive, negative"
VIVFVASVAAEMMQHVYCAASKKC,"positive, negative"
GFAWNVCVYRNGVRVCHRRAN,"positive, negative"
FILPLIASFLSKFL,positive
GLLKRI,"positive, negative"
WKRIVRWIKRWLR,"positive, negative"
IHKFWRGGRWFKHI,"positive, negative"
FKRAVQRIKDFLR,"positive, negative"
GLFSKFNKKKIKSGLIKIIKTAGKEAGLEALRTGIDVIGCKIKGEC,"positive, negative"
GFKDWIKGAAKKLIKTVASSIANQ,"positive, negative"
LNLKALLAVAKKAL,"positive, negative"
FLGGLLASLLGKI,"positive, negative"
GVGDLIRKAVSVIKNIV,positive
FKARRWQWRMKKLGA,"positive, negative"
KNLRRIIRKIIHIIKKYG,"positive, negative"
LNLRALLAVARRIL,"positive, negative"
GLGSVFGRLARILGRVIPKV,"positive, negative"
GFGCNGPWDEDDMQCHNHCKSIKGYKGGYCAKGGFVCKCY,positive
HHIIGGLFSAGKAIHRLIRRRRR,"positive, negative"
GFLSALKKYLPIVLKHV,"positive, negative"
TTKNYGNGVCNSVNWCQCGNVWASCNLATGCAAWLCKLA,"positive, negative"
GVLATVKNLLIGTGDGAAQSVLKTLSCKLSNDC,"positive, negative"
GVFTLIKGATQLIGKTLGKELGKTGLELMACKITNQC,"positive, negative"
GWASKIGQTLGKIAKVGLKELIQPK,"positive, negative"
AFPPPNVPGPRFPPPNVPGPRFPPPNFPGPRFPPPNFPGPRFPPPNFPGPPFPPPIFPGPWFPPPPPFRPPPFGPPRFP,"positive, negative"
RWTWRGSGRWTWR,"positive, negative"
SASIVKTTIKASKKLCRGFTLTCGCHFTGKK,positive
ILGIITSLLKSL,positive
KWKIFKKIEKVGRNVRDGIIKAGPAVQVVGQATSIAK,"positive, negative"
GYKYINNIIKYINKFFKYIW,"positive, negative"
GLARIVVIRVAR,"positive, negative"
GLFKKLRRKIKKGFKKIFKRLPPIGVGVSIPLAGKR,"positive, negative"
GLFTKFAGKGIKDLIFKGVKHIGKEVGMDVIRVGIDVAGCKIKGVC,"positive, negative"
LRRAARWARRLLRR,"positive, negative"
GLLSGILGAGKHIVCGLSGPCQSLNRKSSDVEYHLAKC,"positive, negative"
GFWGKLFKLGLHGIGLLHLHL,"positive, negative"
KRFKKFFKKLKNSVKKRAKKFFKKPKVIGVTFPF,negative
TPVVNPPFLQQT,positive
CVKVSVKVGSGVKVSVKVC,negative
GIGGKPVQTAFVDNDGIYD,"positive, negative"
QIINNPITCMTNGAICWGPCPTAFRQIGNCGHFKVRCCKIR,"positive, negative"
AKCIKNGKGCREDQGPPFCCSGFCYRQVGWARGYCKNR,positive
GILGKLWEGFKSIV,"positive, negative"
KIKWILKYWKWS,"positive, negative"
IWGALLGTLIPAITSAIQ,"positive, negative"
FLQRIRGALGRLF,"positive, negative"
FRSGILKLASKIPSVLCAVLKNC,"positive, negative"
MRTGNAD,negative
RWKFLKKIEKVGRKVRDGVIKAGPAVGVVGQATSIYK,"positive, negative"
RWLRKWTRKRLK,"positive, negative"
IDWKKLLDAAKQIL,"positive, negative"
FSEAIKKIIDFLGEGLFDIIKKIAESF,negative
DIPPGIRNTVCFMQRGHCRLFMCRSGERKGDICSDPWNRCCVSSSIKNR,negative
ISAAEFGKINGPIKK,negative
ACYCRIPACLAGERRYGTCFYLGRVWAFCC,"positive, negative"
FLPILASLAAKLGPKLFCLVTKKC,"positive, negative"
SFLSTFKELAINAAKNAGQSILHTLSCKLDKTC,"positive, negative"
FLPIVTNLLSGLLGK,"positive, negative"
DCYCRIPACIAGERRYGTCIYQGRLWAFCC,"positive, negative"
KFAKKFKWFAKAAFKFFKK,"positive, negative"
GLFVGVLAKVAAHVVPAIAEHF,"positive, negative"
FLQRIIGARGRLF,positive
KWCFRVCYRGACYRRCR,"positive, negative"
CTFTLPGGGGVCTLTSECIC,positive
FLPILAGLAAKIVPKLFCLATKKC,"positive, negative"
VTCFCRRRGCASRERLIGYCRFGNTIYGLCCRR,"positive, negative"
KWKLFKKIGIGAVLKVLT,"positive, negative"
RPIDTCRLRNGICFPGICRRPYYWIGTCNNGIGSCCARGWRS,negative
GLLKRIKALL,"positive, negative"
RLRRIVVIRVRR,"positive, negative"
KWCFVCYRGICYRRCG,"positive, negative"
SIRDKIKTIAIDLAKSAGMGILKTLICKLDKSC,"positive, negative"
KGLKKLLKLLKKLLKL,"positive, negative"
GILDTLKQFAKGVGKFLVKGAAQ,"positive, negative"
ATCDLLSGFGVGDSACAAHCIARGNRGGYCNSKKVCVCRN,positive
FFGSVLKLIPKIL,"positive, negative"
GIFSKINKKKAKTGLFNIIKTVGKEAGMDVIRAGIDTISCKIKGEC,"positive, negative"
FWGHIWNAVKRVGANALHGAVTGALS,"positive, negative"
GLLDTLKNMAINAAKGAGQSVLNTLSCKLSKTC,"positive, negative"
GILSSWLKKLKKIIAK,"positive, negative"
ATAWDFGPHGLLPIRPIRIRPLCGKDKS,"positive, negative"
WFWKLLWKALRLWWKVL,"positive, negative"
KLLKKGGKLLKKGGKLLKKGG,negative
KWKSFIKKLTSKFLHSKKKF,negative
RFRPPIRRPPIRPPFYPPFRPPIRPPIFPPIRPPFRPPLRFP,negative
KKWRKLLKWLAKK,"positive, negative"
VWRKWRRFWKR,"positive, negative"
KNYGNGVYCNKHKCSVDWATFSANIANNSVAMAGLTGGNAGNK,positive
MLAKIKAMIKKFPNPYTLAAKLTTYEINWYKQQYGRYPWERPVA,positive
FLQRIIGRLGRLF,"positive, negative"
LPLPSCSSHGGDADNTSQRN,negative
DAECEICKFVIQQVEAFIESNHSQAEIQKELNKL,"positive, negative"
KWKSFLKTFKSALKTVLHTALKAISS,"positive, negative"
FLPAVLLVATHVLPTVFCAITRKC,"positive, negative"
ALSILRGLEKLAKMGIALTNCKATKKC,negative
DLRDSWKVIGSDKK,"positive, negative"
INWKKIFEKVSNLV,"positive, negative"
RCVCTRGFCRCVCRRGVC,"positive, negative"
KSCCRNTVARNCYNVCRIPGTPRPVCAATCDCKLITGTKCPPGYEK,"positive, negative"
GLEESPGHPGQPGPPGPPGAPGP,positive
RKKRRQRRRLNLKALLAVAKKIL,"positive, negative"
IYWIADQFGIHLATGTARKLLDAVASGASLGTAFAAILGVTLPAWALAAAGALGATAA,positive
GLIGSIGKALGGLLVDVLKPKL,positive
GILDFAKTVVGGIRNALGI,positive
LRLKKYKVPQL,"positive, negative"
GLLDFLKAAGKGLVSNLLEK,"positive, negative"
KRIRKRIKKWLR,"positive, negative"
GLFDIVKKVVGALGSL,positive
KWKKFIKKIGIGAVLKVLTTGLPALKLTKK,negative
FLPPSPWKETFRTS,"positive, negative"
GLFSILKGVGKIALKGLAKNMGKMGLDLVSCKISKEC,"positive, negative"
WRHWRRFWHR,"positive, negative"
RRLRKKTWKRLW,"positive, negative"
GWLDVAKKIGKAAFNVAKNFI,"positive, negative"
GLLDSLKGFAATAGKGVLQSLLSTASCKLAKTC,"positive, negative"
SLQPGAPNFPMPGSQLPTSITSNIEKQGPNTAATINAQHKTDRYDVGATWSKVIRGPGRSKPNWSIGGTYRW,"positive, negative"
IWLTALKFLGKHAAKHLAKQQLSKL,"positive, negative"
QNICPRVNRIVTPCVAYGLGRAPIAPCCRALNDLRFVNTRNLRRAACRCLVGVVNRNPGLRRNPRFQNIPRDCRNTFVRPFWWRPRIQCGRINLTDKLIYL,positive
QRVRNPQSCRWNMGVCIPFLCRVGMRQIGTCFGPRVPCCRR,"positive, negative"
SVSCLRNKGVCMPGKCAPKMKQIGTCGMPQVKCCKRK,positive
RERSKGSKYLYVG,positive
ELVRKNVDHLSTPDVLELV,"positive, negative"
AKCLRWQWAMRKVGG,negative
DFKDWMKTAGEWLKKKGPGILKAAMAAAT,"positive, negative"
TCRYWCKTPENQTYCCEDEREIPSKVGLKPGKCPPVRPVCPPTRGFFEPPKTCSNDGSCYGADKCCFDRCLGEHVCKPIQTRG,positive
FLSLIPKLVKKIIKAFK,"positive, negative"
VRRFAWWWAFLRR,"positive, negative"
RYPAVGYT,negative
RKSKEKIGKEFKRIVQRIKDFLRNLVPRTES,"positive, negative"
RICRIWWIRWCR,"positive, negative"
WLKKLLKKLLK,"positive, negative"
LTANLGISSYAAKKVIDIINTGSAVATIIALVTAVVGGGLITAGIVATAKSLIKKYGAKYAAAW,positive
EKYTEAPEYI,"positive, negative"
ITSVSWCTPGCTSEGGGSGCSHCC,negative
RWCVYAYVRIRGVLVRYRRCW,"positive, negative"
HKCAKIKWRGVHVKYCA,"positive, negative"
IGKEFKRIVQRIKDFLRNLVPRTES,negative
KWCFRVCYRGICYRRCA,"positive, negative"
GVFTLIKGATQLIGKTLGKEVGKTGLELMACKITKQC,"positive, negative"
KNLRRIIRKGIHIIKKYG,"positive, negative"
RKKWFW,negative
FIHHIIGGLFSVGKHIHRLIRRRRR,"positive, negative"
FWGALIKGAAKLIPSVVGLFKKKQ,"positive, negative"
FVPWFSKFLGRIL,"positive, negative"
GCPQTPRCTNYAEKGQCPPN,negative
PFKISIHL,"positive, negative"
GIMSIVKDVAKNAAKEAAKGALSTLSCKLAKTC,"positive, negative"
RRARIVVIRVAR,"positive, negative"
GKVWDWIKKTAKDVLNSDVAKQLKNKALNAAKNFVAEKIGATPS,"positive, negative"
GLFSVVTGVLKAVGKNVAKNVGGSLLEQLKCKISGGC,"positive, negative"
GILSSFKGVAKGVAKDLAGKLLETLKCKITGC,"positive, negative"
GLFTLIKGAAKLIGKTVPKKQARLGMNLWLVKLPTNVKT,"positive, negative"
KSCCRSTQARNIYNAPRFAGGSRPLCALGSGCKIVDDKKTPPND,"positive, negative"
NWKKIASIGKEVLKAL,"positive, negative"
TSRCIFYRRKKCS,"positive, negative"
FIHHIIGGLFSAGKAIHRHHRRRRR,"positive, negative"
FKRIVQRIKDALR,"positive, negative"
WGRAFSRGVRRLARGGRG,"positive, negative"
PGDIPPGIRNTVCLMQQGHCRLFMCRSGERKGDICSDPWNRCCVPYSVKDRR,negative
ILGKLWEGLKSLF,"positive, negative"
GLLDLAKHVIGIASKL,positive
MAADIISTIGDLVKLIINTVKKFQK,"positive, negative"
SNWKKIASIGKEVLKAL,"positive, negative"
WAIVLL,positive
LIKKIYRKWKRW,"positive, negative"
VGTIIKIIKAIIDIFAK,positive
RCRFCCRCCPRMRGCGICCRF,"positive, negative"
FKRNVQRIKDFLR,"positive, negative"
ILGKIIKVVK,"positive, negative"
APRKQLKW,negative
EADEPLWLYKGDNIERAPTTADHPILPSIIDDVKLDPNRRYA,positive
FRIRVRVFKRIVQRIKDFLR,"positive, negative"
SMLAYVDKNDHINPPHSPRS,negative
AAKAAAKAAAKAA,"positive, negative"
QLPICGETCVLGGCYTPNCRCQYPICVR,negative
ALWKNMLKGIGKLAGQAALGAVKTLVGA,positive
SCNCVCGVCCSCSP,positive
IGKKFKRIVQRIKKFLRNL,"positive, negative"
LKLLKKLLKLLKKLGGK,"positive, negative"
RRLRWKTRWRLK,"positive, negative"
GRKSDCFRKNGFCAFLKCPYLTLISGKCSRFHLCCKRIW,"positive, negative"
GLLDTIKGVAKTVAASMLDKLKCKISGC,"positive, negative"
SPRVSRRYGRPFGGRPFVGGQFGGRPGCVCIRSPCPCANYG,"positive, negative"
GFGSLFKFLAKKVAKTVAKQAAKQGAKYVANKHME,"positive, negative"
KLALKALKALKAALKLA,"positive, negative"
FLGALWNVAKSLF,"positive, negative"
ICIFCCGCCHRSKCGMCCKT,"positive, negative"
IGPDTKKCVQRKNACHYFECPWLYYSVGTCYKGKGKCCQKRY,negative
SCTTCECCCSCS,"positive, negative"
FIHHIIGGLFSIGKIIHRLIRRRRR,"positive, negative"
WFKKLLKKALRLWKKVL,"positive, negative"
GFSSIFRGVAKFASKGLGKDLARLGVNLVACKISKQC,negative
KRFKKFFRKLKKSVKKRAKEFFKKPRVIGVSIPF,"positive, negative"
KWAFRVCYRGICYRRSR,"positive, negative"
DFGCARGMIFVCMRRCARMYPGSTGYCQGFRCMCDTMIPIRRPPFIMG,"positive, negative"
GFGCPNNYQCHRHCKSIPGRCGGYCGGWHRLPCTCYRC,"positive, negative"
GIFLKVLGVGKKVLCGVSGLC,"positive, negative"
GLLDTFKNMAINAAHGAGVSVLNALSCKLKKTC,"positive, negative"
ILKKIWKPIKKLF,"positive, negative"
LLAWCLVFLVIVQQVTSSPVPQSDTPLTSVQEVQRSLKRTARMTPLWRIMGTKPHGAYCQNHYECSTGICRKGHCSYS,negative
PKRKSATKGDEPARRSARLSARPVPKPAAKPKKAAAPKKAVKGKKAAENGDAKAEAKVQAAGDGAGNAK,"positive, negative"
IHHIHHH,negative
LKLKSIVSWAKKVL,"positive, negative"
SFLTTVKKLVTNLAALAGTVIDTIKCKVTGGC,"positive, negative"
ANFLPKIFCKITRKC,"positive, negative"
GILSLFTGGIKALGKTLFKMAGKAGAEHLACKATNQC,"positive, negative"
VTCDLLSAEAKGVKVNHAACAAHCLLKRKRGGYCNKRRICVCRN,positive
FRIRVRVKWKLFKKI,"positive, negative"
IHHIHHHIHHIHHHIHHIHHHIHHIHHH,negative
AIGSILGRLAKGLPTLISWIKNR,"positive, negative"
RKCLRWQWRMRKYGG,"positive, negative"
GMWSKIKNAGKAAKAAAKAAGKAALGAVSEAM,negative
NAMRGAKRVWRHI,negative
ILGPVISKIGGVLGGLLKNL,"positive, negative"
FVQWWSKWLGRIL,"positive, negative"
FFSLIPKLVKGLISAFK,"positive, negative"
FLPKLFAKITKKNMAHIR,"positive, negative"
RLKELITTGGQKIGEKIRRIGQRIKDFFKNLQPREEKS,"positive, negative"
GKIPVKAIKKAGAAIGKGLRAINIASTAHDVYSFFKPKHKKK,"positive, negative"
GLWSKIKETGKEAAKAAGKAALNKIAEAV,positive
KKKLAFA,"positive, negative"
TTPLCVGVIIGITASIKICK,positive
RNKLAYNMGHYAGKATIFGLAAWALLA,positive
KKKKKKNGFAAWGAFGA,negative
WLSKTAKKLWLSKTAKKLWLSKTAKKL,"positive, negative"
GVFSFLKTGAKLLGSTLLKMAGKAGAEHLACKATNQC,"positive, negative"
GANAAKKFANLIKKIFNYIW,"positive, negative"
KFKSFIKKLTSKFLHSAKKF,negative
LRLRLKTRLRLK,"positive, negative"
GIRDILKYGKPS,"positive, negative"
KLLKKLLKWLK,"positive, negative"
GIFGKILGVGKKTLCELSGMC,"positive, negative"
GVVDILKGAAKDIAGHLASKVMNKL,negative
GFFGNTWKKIKGKADKIMLKKAVKIMVKKEGISKEEAQAKVDAMSKKQIRLYLLKYYGKKALQKASEKL,"positive, negative"
GRFKRFRKKFKKLFKKLSPVIPLLHL,"positive, negative"
VLPLISMALGKLL,positive
FLIGMTHGLICLISRKC,positive
GGGKGKK,"positive, negative"
KWKSFLKTFKSAAKTVLHTALKAISS,"positive, negative"
ITSISLCTPGCKTGALMGCNMKTATCHCSIHVSK,positive
VSWKKSLGKIIKVVK,"positive, negative"
RRPWRWPRWPWRR,"positive, negative"
ILGPILGLVSNALGGLL,"positive, negative"
GWIRDFGKRIERVGQHTRDATIQTIAVAQQAANVAATLKG,positive
GIMDSVKGLAKNLAGKLLDSLKCKITGC,negative
LFCKGGSCHFGGCPSHLIKVGSCFGFRSCCKWPWNA,"positive, negative"
GDACGETCFTGICFTAGCSCNPWPTCTRN,"positive, negative"
GWLDVAKKIGKAAFNVAKNFLFNKAVNFAAKGIKKAVDLWG,"positive, negative"
GLLGPLLKIAAKVGKKLL,"positive, negative"
TKCFQWQWNMRKVRG,"positive, negative"
FLPFLASLLSKVL,positive
IHHIHHIIHHIHHIIHHIHHIIHHIHHI,negative
FLPKMSTKLRVPYRRGTKDYH,"positive, negative"
LLLRLLR,positive
KDGYIIEHRGCKYSCFFGTNSWCNTECTLKKGSSGYCAWPACWCYGLPDNVKIFDSNNLKC,"positive, negative"
AWLDKLKSLGKVVGKVALGVAQNYLNPQQ,"positive, negative"
GIMSSLMKKLKKIIKK,"positive, negative"
GLWQKIKSAAGDLASGIVEGIKS,"positive, negative"
YVSCLFRGARCRVYSGRSCCFGYYCRRDFPGSIFGTCSRRNF,positive
GIFDKLKNFAKGVAQSLLNKASCKLSGQC,"positive, negative"
PIRNWWIRIWEWLNGIRKRLRQRSPFYVRGHLNVTSTPQP,"positive, negative"
ILPWKWKWWKWRR,"positive, negative"
KWKLFKKILKFLHLAKKF,"positive, negative"
GFLSILKKVLPKVMAHMK,"positive, negative"
LNAKALLAVAKKIL,"positive, negative"
ISRLAGLLRKGGEKIGEKLKKIGQKIKNFFQKLVPQPE,"positive, negative"
KLGALWNVAKSKF,"positive, negative"
APGNKAECEREKGYCGFLKCSFPFVVSGKCSRFFFCCKNIW,"positive, negative"
SPPSEQLGKSFNF,"positive, negative"
WRFRWRFRWRFR,"positive, negative"
RIKRFWPVVIRTVV,"positive, negative"
INWLKLGKKLLSAL,"positive, negative"
DPQTECQQCQRRCRQQESDPRQQQYCQRRCKEICEEEEEYN,positive
SALVGCWTKSYPPNPCFGRG,positive
GVLDTFKDVAIGVAKGAGTGVLKALLCKLDKSC,"positive, negative"
GIMDSVKNVAKNIAGQLLDKLKCKITGC,negative
DQMSDGVNYGKGSSLSKGGAKCGLGIVGGLATIPSGPLGWLAGAAGVINSCMK,positive
ILKKIWKAIKKLF,"positive, negative"
FFFLSRIF,"positive, negative"
FIGPVLKIAAGILPTAICKIFKKC,"positive, negative"
RWKRWWRRKK,"positive, negative"
GLRKRLRKFRNKIKEKLKKIGQKIQGLLPKLAPRTDY,"positive, negative"
WLRAFRRLVRRLARLLRR,"positive, negative"
AKLIPTIAL,"positive, negative"
KWKLFKKGAVLKVLT,"positive, negative"
FVDLKKIANIINSIFGK,"positive, negative"
LLGNFFRKSKQKIGKQFKRIVQRIKNFFRNLVPRTQS,positive
RRLWKKTWKRLW,"positive, negative"
FLPLLASLFSGLF,positive
RLARIVVIRVAG,"positive, negative"
AWKLFDDGV,"positive, negative"
YCNRRTGKCQRM,positive
KWKSFLKTFKSAKKTVLHTLLKAISS,negative
KKFKWWWKFKK,"positive, negative"
GLISGLLGVGKMLVCGLSGLC,"positive, negative"
TYYGNGLYCNKEKCWVDWNQAKGEIGKIIVNGWVNH,positive
YSYKKIDCGGACAARCRLSSRPRLCNRACGTCCARCNCVPPGTSGNTETCPCYASLTTHGNKRKCP,positive
LRGLLCYCRKGHCKRGERVRGTCGIRFLYCCPRR,"positive, negative"
LGGLIKIVPAMICAVTKKC,"positive, negative"
KQATVGDINTERPGILDLKGKAKWDAWNGLKGTSKEDAMKAYINKVEELKKKYGI,"positive, negative"
FKRSVQRIKDFLR,"positive, negative"
KKLGAPSITCVRRAFA,"positive, negative"
FFPIVGKRLYGLL,"positive, negative"
GIGAVLKVLTTGLPALISWIKRKRQQ,"positive, negative"
GLVSSIGKVLGGLLADVVKSKGQPA,positive
SFLDTLKNLAISAAKGAGQSVLSTLSCKLSKTC,"positive, negative"
NCIQQCVSKGAQGGYCTNEKCTCY,"positive, negative"
FFGHLFKLATKIIPSLFQ,"positive, negative"
RRWWRWWRR,"positive, negative"
GLFDVIAKVASVIKKL,"positive, negative"
KKWRKLLKKLKKLL,"positive, negative"
LKKLAKLLKKLLKLAG,"positive, negative"
INWLKLGKKMMSAL,"positive, negative"
KWKLFKKIPLKKF,"positive, negative"
STIVCVSLRICNWSLRFCPSFKVRCPM,positive
GILSSLLKKWKKIIAK,"positive, negative"
GANAAKKFATIAKKFINYLW,"positive, negative"
KRFWQLVPLAIKIYRAWKRR,"positive, negative"
SILPTIVSFLSKFL,positive
GKVWDWIKSAAKKIWSSEPVSQLKGQVLNAAKNYVAEKIGATPT,"positive, negative"
GIGKFLHSAKKFGKAFVGEIMNS,"positive, negative"
GLFDIIKKIAESFKFSEAIKKIIDFLG,negative
GGYYCPFRQDKCHRHCRSFGRKAGYCGGFLKKTCICV,positive
RRCICTTRTCRFPYRRLGTCLFQNRVYTFCC,"positive, negative"
RIGSILGRLAKGLPTLISWIKNR,"positive, negative"
GRILSFIKGLAEHL,"positive, negative"
RCVCTRGFCRCFCRRGVC,"positive, negative"
KGAPCAKKPCCGPLGHYKVDCSTIPDYPCCSKYGFCGSGPQYCG,"positive, negative"
SYSMEHFRWGKPV,positive
AWCFRVCARGICYRRCR,"positive, negative"
ILPWKWPWWKWRR,"positive, negative"
FLPFLLSALPKVFCFFSKKC,"positive, negative"
VRRPKWWWKFLRR,"positive, negative"
WNDTGKDADGAEY,positive
GFSSIFRGVAKFASKGLGKDLAKLGVDLVACKISKQC,"positive, negative"
GIFSKLAGKKIKNLLISGLKNVGKEVGMDVVRTGIDIAGCKIKGEC,"positive, negative"
GSKKPVPIIYCNRRTGKCQRM,"positive, negative"
FLPAVIRVAANVLPTAFCAISKKC,"positive, negative"
FISAIASMLGKFL,positive
AKKVFKRLEKSFSKIQNDK,"positive, negative"
FLPIIAGAAAKVVEKIFCAISKKC,"positive, negative"
FFSLIPSLVKKLIKAFK,"positive, negative"
FKRIVQRIKDQLR,"positive, negative"
TTSIRRRYQVSLIRRHRGKR,negative
SFGLCRLRRGFCARGRCRFPSIPIGRCSRFVQCCRRVW,"positive, negative"
YPPKPESPGEDASPEEMNKYLTALRHYINLVTRQRY,"positive, negative"
IKLSKETKKNLKKVLKGAIKGAIAVAKMV,"positive, negative"
PNDPDSPCVYRMPNARGCSI,negative
AKKLLKLLKKLLKLAG,"positive, negative"
ATCDLASGFGVGSSLCAAHCLVKGYRGGYCKNKICHCRDKF,positive
SYVGDCGSNGGSCVSSYCPYGNRLNYFCPLGRTCCRRSY,"positive, negative"
GCRRLCWRQRCVTWCRGR,"positive, negative"
RWIRWVWRKKLR,negative
GKIPVKAIKQAGKVIGKGLRAINIAGTTHDVVSFFRPKKKKH,"positive, negative"
FIHHIIGGLFSAGKAIHRLIRRR,"positive, negative"
LLPIVGNLLNSLL,positive
RWFRIQLQIRRWRNRR,"positive, negative"
FIFHIIKGLFHAGKMI,"positive, negative"
FLFPLITSFLSKVL,positive
VNWKKILKKIIKVVK,"positive, negative"
RIKRFWPVVIR,"positive, negative"
LKKLLKLSKKLLKLAG,"positive, negative"
WKVFKSFIKKASSFAQSVLD,negative
KLLKHKLLVTLA,"positive, negative"
ATCDLASKWNVNHTLCAAHCIARRYRGGYCNSKAVCVCR,positive
LFCKRGTCHFGRCPSHLIKVGSCFGFRSCCKWPWDA,positive
IDWKKLLDAAKKIL,positive
VNWKKSLGKSIKVVK,"positive, negative"
RRHMLRCMGDLGICRPACRQSEEPYLYCRNYQPCCLPFYVRIDISGKEGKNDWSRENRWPKVS,"positive, negative"
GIINTLQKYYCRVRGGRCAVLSCLPKEEQIGKCSTRGRKCCRRKK,"positive, negative"
GLLSGVLGVGKKVLCGLSGLC,"positive, negative"
ATCDLASIFNVNHALCAAHCIARRYRGGYCNSKAVCVCRN,positive
FLPILASLAAKFGPKLFCLVTKKC,"positive, negative"
GIIKVIKSLIEQFTGK,positive
GLLRKGGEKIGEKLKKIGQKIKNFFQKLVPQPE,"positive, negative"
ATCDLASIWNVNHALCAAHCIARRYRGGYCNSKAVCVCR,positive
KIKWFKTMKSIAKFIAKEQMKKHLGGE,"positive, negative"
GFFSTVKNLATNVAGTVIDTLKCKVTGGCRS,negative
KWCFRVCYAGICYRRCA,"positive, negative"
GKLSSLWKKLKKIIAK,"positive, negative"
VNSKKISPKSIKVSK,"positive, negative"
FLGSLIGAAIPAIKQLLGLKK,"positive, negative"
KFFKRLLKSVRRAVKKFRKKPRLIGLSTLL,"positive, negative"
QVYKGGYTRPIPRPPFVRPVPGGPIGPYNGCPVSCRGISFSQARSCCSRLGRCCHVGKGYS,"positive, negative"
VTCYCRRTRCGFRERLSGACGYRGRIYRLCCR,"positive, negative"
GLFDIVKKLVSDF,negative
RRWWWR,"positive, negative"
SALVGCWTKSWPPKPCFGRG,positive
FLGGLIKWWPWRR,"positive, negative"
FPFSLIPHAIGGLISAIK,"positive, negative"
GLLQTIKEKLESLESLAKGIVSGIQA,positive
WWSYVRRWRSR,"positive, negative"
TESYFVFSVGM,"positive, negative"
GIFTKINKKKAKTGVFNIIKTIGKEAGMDVIRAGIDTISCKIKGEC,"positive, negative"
KLKLLLLL,"positive, negative"
KKLALKALKLWLLALKKLALLALKK,negative
KWKSFIKKAKTSFLHSAKKF,negative
KWCFRVSYRGIAYRRCR,"positive, negative"
KYYGNGVSCNKKGCSVDWGKAIGIIGNNSAANLATGGAAGWKS,positive
MSKRDCNLMKACCAGQAVTYAIHSLLNRLGGDSSDPAGCNDIVRKYCK,"positive, negative"
WRFRWKTRWRFK,"positive, negative"
FLPVIASVAAKVLPKVFCFITKKC,"positive, negative"
ILQKAVLDCLKAAGSSLSKAAITAIYNKIT,"positive, negative"
KWWWRW,"positive, negative"
VRLRIRVRVIRK,"positive, negative"
SYVGDCGSNGGSCVSSYCPYGNRLNYFCPLGRTCCRHAYV,"positive, negative"
NIWKKIASIAKEVLKAL,"positive, negative"
AQCGAQGGGATCPGGLCCSQWGWCGSTPKYCGAGCQSNCR,"positive, negative"
NKGCATCSIGAACLVDGPIPDFEIAGATGLFGLWG,positive
FFGWLIKGAIHAGKAIHGLIHRRRH,"positive, negative"
SDEKASPDKHHRFSLSRYAKLANRLANPKLLETFLSKWIGDRGNRSVK,positive
KWKSFIKKLLSKFLHSAKKF,negative
VYPFMWGGAYCFCDAELV,positive
DLRFLYPRGKLPVPTPPPFNPKPIYIDMGNRY,"positive, negative"
INWSSIFESVSNLV,"positive, negative"
AGFLKVVQLLAKYGSKAVQWAWANKGKILDWLNAGQAIDWVVSKIKQILGIK,positive
IIGGR,"positive, negative"
DEMKLDGFNMHLE,"positive, negative"
AELRCMCIKTTSGIHPKNIQSLEVIGKGTHCNQVEVIATLKDGRKICLDPDAPRIKKIVQKKLAGDES,"positive, negative"
ILKKLLKKVKSI,negative
VRFRIRVAVIRA,"positive, negative"
LQDAAVGWGRRCPQCPRCPSCPSCPRCPRCPRCKCNPK,"positive, negative"
KTRNWFSEHFKKVKEKLKDTFA,"positive, negative"
KWAFRVCYRGICYRRAR,"positive, negative"
GLMSVLKGVLKTAGKHIFKNVGGSLLDQAKCKITGQC,"positive, negative"
YSKSLPLSVLNP,"positive, negative"
TRKRLKKIGKVLKWI,"positive, negative"
MARVSLLLIVLSIALVAPSQGFLKDLLFGEAKTALLEDGTTEILDHVCNFRVMPRLRSWELYFRGDVWCPGWTVIKGESL,"positive, negative"
FMGSALRIAAKVLPAALCQIFKKC,"positive, negative"
RPRCWIKIKFRCKSLKF,"positive, negative"
LLNSGVKLGTKLLSGLLN,"positive, negative"
RLGGILRKAGEKIGGGLKKIGQKIKDFFGKLAPRTES,negative
GIWSSLLKKLKKIIAK,"positive, negative"
LKKLLKALKKLLKLAG,"positive, negative"
SIVPIRCRSNRDCRRFCGFRGGRCTYARQCLCGY,"positive, negative"
GILDTLKQFAKGVGKWLVKGAAQ,"positive, negative"
GWLRKLGKKIERIGQHTRDASIQVLGIAQQAANVAATAR,"positive, negative"
FLFSLIPHAIGGLISAFK,"positive, negative"
GDVMPESTPICAGFATLMSSIGLVKTIKGKC,positive
KWCFRACYRGICYRRCR,"positive, negative"
GLLSGLKKVGKHVAKNVAVSLMDSLKCKISGDC,"positive, negative"
RWKIFKKIEKMGRNIRDGIVKAGPAIQVLGSAKAI,"positive, negative"
QLKVDLWGTRSGIQPEQHSSGKSDVRRWRSRY,"positive, negative"
SMWSGMWRRKLKKLRNALKKKLKGE,"positive, negative"
APRKNVRF,negative
APRKNLKW,negative
ENFFKEIERAGQRIRDAIISAAPAVETLAQAQKIIKGGD,positive
LNLKALLAVAKAIL,"positive, negative"
ASNFDCCLGYTDRILHPKFIVGFTRQLANEGCDINAIIFHTKKKLSVCANPKQTWVKYIVRLLSKKV,"positive, negative"
GWLDVAKKIGKAAFNVAKNFL,"positive, negative"
SMLSVLKNLGKVGLGFVACKINKQC,"positive, negative"
FLGAIAGVAAKFLPKVFCFITKKC,"positive, negative"
WKSYVRRWRSR,"positive, negative"
CSTNTFSLSDYWGNNGAWCTLTHECMAWCK,positive
LAMVKYYGNGVSCNWRKHSCKKGLSVDWVYFGLLHNLGALRWYQHR,"positive, negative"
FLPLIGRVLSGIL,"positive, negative"
AVPDVAFNAYG,"positive, negative"
GIPCAESCVWIPPCTITALMGCSCKNNVCYNN,"positive, negative"
KIWVIRWR,"positive, negative"
ATYYGNGLYCNKEKCWVDWNQAKGEIGKIIVNGWVNHGPWAPRR,positive
GLFSKFNKKKIKSGLFKIIKTAGKEAGLEALRTGIDVIGCKIKGEC,"positive, negative"
GIHDILKYGKAS,"positive, negative"
ATPTITTSSATCGGIIVAASAAQCPTLACSSRCGKRKK,positive
KFWSLLKKALRLWAKVL,positive
SMLSVLKNLGKVGLGLVACKINKQC,"positive, negative"
ILKLFKRIVKRILKFLRKL,"positive, negative"
LLKWLLKWLKK,"positive, negative"
VFIDILDKVENAIHNAAQVGIGFAKPFEKLINPK,"positive, negative"
GWKIGKKLEHHGQNIRDGLISAGPAVFAVGQAATIYAAAK,"positive, negative"
KINWGSVGGSCVGGAVIGGALGGLGGAGGGCLTGAIGSIWDQW,positive
ACQFWSCNSSCISRGYRQGYCWGIQYKYCQCQ,"positive, negative"
LKGASKLIPHLLPSRQQ,"positive, negative"
KLILILSKTIPAGKNLFYKI,"positive, negative"
FLGALWNVLKSVF,"positive, negative"
GLFDVVKGVLKGAGKNVAGSLLEQLKCKLSGGC,"positive, negative"
FLNALKNFAKTAGKRLKSLLN,"positive, negative"
KWKLFKKIPHLAKKF,"positive, negative"
GFGCPNNYQCHRHCKSIPGRCGGYCGGWHRLRCTCYRC,"positive, negative"
GFLSTVKNLATNVAGTVLDTIRCKVTGGCRP,negative
RRLIWLILRLLR,"positive, negative"
FFDEKCNKLKGTCKNNCGKNEELIALCQKSLKCCRTIQPSGSIID,negative
WWKWWWK,positive
WFYQGMNIAIYANIGGVANIIGYTEAAVATLLGAVVAVAPVVP,positive
FLGLLGSLL,"positive, negative"
ALWLAIRKR,"positive, negative"
KWKSFLKTFKSLKKTVLHTALKAISS,negative
RTCRCRLGRCSRRESYSGSCNINGRIYSLCCR,"positive, negative"
ITSISLCTPGCKTGALMGCNMKTATCNCSIHVSK,positive
MAAFMKLIQFLATKGQKYVSLAWKRKGTILKWINAGQSFEWIYKQIKKLWA,positive
QGVRNFVTCRINRGFCVPIRCPGHRRQIGTCLAPQIKCCR,"positive, negative"
KILRGVCKKIMRTFLRRISKDILTGKK,"positive, negative"
LLKLLLKLLLKLL,"positive, negative"
ASIVKTTIKASKKLCRGFTLTCGCHFTGKK,positive
FLPILINLIHKGLL,positive
FIGKLISAASGLLSHL,"positive, negative"
RWGKWFKKATHVGKHVGKAALTAYL,"positive, negative"
ADNKNPLEECFRETNYEEFLEIAR,negative
MVFAYAPTCARCKSIGARYCGYGYLNRKGVSCDGQTTINSCEDCKRKFGRCSDGFITECFL,"positive, negative"
LAKKIYRAWKRR,"positive, negative"
GIFSKISGKAIKNLFIKGAKNVGKEVGIDVVRTGMDVVGCKIKGEC,"positive, negative"
ALWKDILKNAGKAALNEINQIVQ,positive
GLLKRIKT,"positive, negative"
LNLKKLLAVAKKI,"positive, negative"
WRWFIH,"positive, negative"
KWCFCVCYRGICYCRCRG,"positive, negative"
FFPIVGKLLS,"positive, negative"
FLPIIAGIAAKVFPKIFCAISKKC,"positive, negative"
GLVDVLGKVGGLIKKLLP,"positive, negative"
IDWLKLGKMVIDAL,"positive, negative"
GFLDIINKLGKTFAGHMLDKIKCTIGTCPPSP,positive
GVLATVKNLLNGTGDGAAQSVLKTLSCKLSNDC,"positive, negative"
KKKAAFAKAWAKAFKAA,negative
GSKKPVPIIYCNRRTGKCQR,positive
GKWGWIYITILFADVGGFKSSRHPEERRVQERRFKRITRGPD,positive
GKGSWSKKIEVIA,negative
MSWLNFLKYIAKYGKKAVSAAWKYKGKVLEWLNVGPTLEWVWQKLKKIAGL,positive
FLPLIASLAANFVPKIFCKITKKC,"positive, negative"
GVIPCGESCVFIPCISTLLGCSCKNKVCYRN,"positive, negative"
GILSKLLKKLKKIIAK,"positive, negative"
KKLFKKILKYL,"positive, negative"
VTSKSLCTPGCITGVLMCLTQNSCVSCNSCIRC,positive
GLFDIVKKIAGHIVSSI,"positive, negative"
INWKKIAEVGGKILSSL,"positive, negative"
FLPLIASVAANLVPKIFCKITKKC,"positive, negative"
GDDDDDD,negative
ASGWVCTLTIECGTLVCAC,positive
GILSLVKGVAKLAGKGLAKEGGKFGLELIACKIAKQC,"positive, negative"
FLIIRRPIVLGLL,"positive, negative"
APAGLVAKFGRPIVKKYYKQIMQFIGEGSAINKIIPWIARMWRT,positive
IRIKIRIK,"positive, negative"
VRWRIRVAVIRA,"positive, negative"
KFCEKPSGTWSGVCGNSGACKDQCIRLEGAKHGSCNYKPPAHRCICYYEC,"positive, negative"
HKTDSFVGLM,"positive, negative"
FKTWKRPPFQTSCWGIIKE,"positive, negative"
KYYGNGVSCNSHGCSVNWGQAWTCGVNHLANGGHGVC,positive
GLLDVVKGAAKNLLASALDKLKCKVTGC,positive
GIWGTALKWGVKLLPKLVGMAQTKKQ,"positive, negative"
GVLDAFRKIATVVKNVV,positive
ILKKLWEGVKSI,negative
WGRAFRRGVRRLARGGRR,"positive, negative"
GIRCPKSWKCKAFKQRVLKRLLAMLRQHAF,"positive, negative"
ASSGWVCTLTIECGTVICACR,positive
LIDHLGAPRWAVDTILGAIAVGNLASWVLALVPGPGWAVKAGLATAAAIVKHQGKAAAAAW,"positive, negative"
LLWKALRLWWKVL,"positive, negative"
AWCARVCYRGICYRRCR,"positive, negative"
AQRCGDQARGAKCPNCLCCGKYGFCGSGDAYCGAGSCQSQCRGCR,"positive, negative"
KKWGWLAWVEPAGEFLKGFGKGAIKEGNKDKWKNI,positive
INLKAIAALAKKLL,"positive, negative"
GILDAIKAIAKAAG,"positive, negative"
KRDPQQREYEDCRRRCEQQEPRQQYQCQRRCREQQ,positive
MSYEKLNNEELSKILGGNGINWGAVAGSCASGAVIGAAFGNPLTGCVANSAFSFSWQAFKNRPRPKKIA,positive
ATCDLASKFNWNHTLCAAHCIARRYRGGYCNSKAVCVCR,positive
HLNKRVQRELRGWLDWLK,negative
EKCLRWQWRMRKYGG,negative
KKKKKKAGFAAWGAFGA,negative
KRFKKFFKKLKNSVKKRAKKFFKKPRVIGVSIPF,negative
GIHDALKYGKPS,"positive, negative"
EKYTEAPEYV,"positive, negative"
SLLDTFKNLAVNAAKSAGVSVLNALSCKISRTC,"positive, negative"
SLRGCC,"positive, negative"
GLFTLIKGAYKLDAPTVACN,"positive, negative"
RKKTRKRLKKIGKVLKWI,"positive, negative"
YDLSKNCRLRGGICYIGKCPRRFFRSGSCSRGNVCCLRFG,"positive, negative"
LNLKALLAAAKKIL,"positive, negative"
KIKKGFKKIFKRLPPIGVGVSIPLAGKR,negative
EYHLMNGANGYLTRVNGKTVYRVTKDPVSAVFGVISNCWGSAGAGFGPQH,positive
FLPGLLAGLL,"positive, negative"
ATNIPFKVHFRCKAAFC,"positive, negative"
GFGSLFKFLAKKVAKTVAKQAAKQGAKYIANKQTE,"positive, negative"
HSPGGA,"positive, negative"
GLLGSIFGAGKKIACALSGLC,"positive, negative"
VPIIYCNRRTGKCQRM,"positive, negative"
GFGSLFKFLAKKVAKTVAKQAAKQGAKYVANKHMQ,"positive, negative"
SNFDCCLGYTDRILHPKFIVGFTRQLANEGCDINAIIFHTKKKLSVCANPKQTWVKYIVRLLSKKVKNM,"positive, negative"
FLPILGKLLSGIL,"positive, negative"
VNWKKILAKIIKVVK,"positive, negative"
LKKLLKLKKKLLKLAG,"positive, negative"
FKRIQQRIKDFLR,"positive, negative"
INLKAIAAMAKKLL,"positive, negative"
AKCLRWQWRMRKYGG,"positive, negative"
VTCDLLSFKGQVNDSACAANCLSLGKAGGHCEKVGCICRKTSFKDLWDKRF,positive
SWKSMAKKLKEYMEKLKQRA,"positive, negative"
KWCFRVCSRGICYRRCR,"positive, negative"
AIGSILGALAKGLPTLKSWIKNR,"positive, negative"
GINTLKKVIQGLHEVIKLVSNHE,"positive, negative"
GLFDIIKKIAESI,positive
FLPLLFGAISHLL,positive
AWCFRVCYRGACYRRCR,"positive, negative"
IRRWRLHWFRRAI,negative
LLKELWTKIKGAGKAVLGKIKGLL,"positive, negative"
KPVPIIYCNRRTGKCQRM,"positive, negative"
GILSGILGMGKKLVCGLSGLC,"positive, negative"
AFRKQLKW,negative
GLLDSVKEGLKKVAGQLLDTLKCKISGCTPA,"positive, negative"
KKKKPLFGLFFGLF,negative
GLLNGLALRLGKRALKKIIKRLCR,"positive, negative"
GIHDILKYGKPS,"positive, negative"
LNLKALLAVAKKIA,"positive, negative"
VNWKKILPKIIKVAK,"positive, negative"
IYWIADQFGIHLATGTARKLLDAMASGASLGTAFAAILGVTLPAWALAAAGALGATAA,positive
LFKLLGKIIHHVGNFVHGFSHVF,positive
LNLAALLAVAKKIL,"positive, negative"
FKCRAWQWRMKKLGA,"positive, negative"
VFHAYSARGVRNNYKSAVGPADWVISAVRGFIHG,positive
GIMDTVKNAAKNLAGQLLDKLKCKITAC,"positive, negative"
RWWKIWVIRWWR,"positive, negative"
IGGIISFFKRLF,"positive, negative"
RRHWRWWRR,"positive, negative"
FLPAVLRVAAQVVPTVFCAISKKC,"positive, negative"
GFFGNTWKKIKGKADKIMLKKAVKIMVKKEGISKEEAQAKVDAMSKKQIRLYVLKYYGKKALQKASEKL,"positive, negative"
FLKLLKKLL,"positive, negative"
TVYTNA,positive
FLPIIAGVAAKVFPKIFCAISKKC,"positive, negative"
RICRIIFLRVCR,"positive, negative"
FLIGMTQGLICLITRKC,"positive, negative"
KCRRLCYRQRCVTYCRGR,"positive, negative"
WYVKKCLNDVGICKKKCKPEEMHVKNGWAMCGKGRDCCVPAD,negative
APVPFSCTRGCLTHLV,positive
GCRRLCYKQRCVTYCRGR,"positive, negative"
NRWWQGVVPTVSYECRMNSWQHVFTCC,"positive, negative"
LKKLLKLLKKALKLAG,"positive, negative"
SVAGRAQGM,"positive, negative"
GIMSSLMKKLAAHIKK,"positive, negative"
GLIGSIGKALGGLLVDVLKPKLQAAS,positive
SFLDTLKNLAISAAKGAGQSVLSTLSCKLSETC,"positive, negative"
KTMMQSGGTFGTFMAIGMGIR,"positive, negative"
FLPIIASVAAKVFSKIFCAISKKC,"positive, negative"
HSHACTSYWCGKFCGTASCTHYLCRVLHPGKMCACVHCSR,positive
AWLLAIRKR,"positive, negative"
DSMGAVKLAKLLIDKMKCEVTKAC,"positive, negative"
EKYTEVPEYV,"positive, negative"
LRDLVCYCRKRGCKRRERMNGTCRKGHLMYTLCCR,"positive, negative"
FLPKLFAKITKKNMAHIRC,negative
VIEPKCYKYEGKKCPPDINPVCGTDKRTYYNECALCVFIRQSTKKADKAIKIKKWGKC,negative
FLPFLIPALTSLISSL,positive
MAKEFGIPAAVAGTVLNVVEAGGWVTTIVSILTAVGSGGLSLLAAAGRESIKAYLKKEIKKKGKRAVIAW,positive
NLAKGKEESLDSDLYAELRCMCIKTTSGIHPKNIQSLEVIGKGTHCNQVEVIATLKDGRKICLDPDAPRIKKIVQKKLAGDES,"positive, negative"
RIKRFWPVVIRTVVAG,"positive, negative"
WFKAAAKAAAKFW,"positive, negative"
GEFLKCGESCVQGECYTPGCSCDWPICKKN,"positive, negative"
KWKSFLKTFKSAKKTVLHTALKLISS,negative
KWCARVCYRGICYRRCR,"positive, negative"
YVDREINLFDHYCIISRSPHISRWELKWQATVTCPGWTPVKGKVRGYSNPLSAEREATRDFVQRIVQRGLVTRDEASEWL,negative
IRRRIRLIVRRQI,negative
ALGDFFRKSKEKIGKEFKRIVQRIKDFLRNLAKRHHGYKRKFHLEY,"positive, negative"
ATCDLFSFRSKWVTPNHAACAAHCLLRGNRGGRCKGTICHCRK,"positive, negative"
DCTRWIIGINGRICRD,positive
WKSYVRRWRSRY,"positive, negative"
RLARIVVIRVAR,"positive, negative"
CALKLTKAKRLVRKIGF,"positive, negative"
AFPPPNVPGPRFPPPNFPGPRFPPPNFPGPRFPPPNFPGPRFPPPNFPGPPFPPPIFPGPWFPPPPPFRPPPFGPPRFP,"positive, negative"
GILSGVLGMGKKIVCGLSGLC,"positive, negative"
KWKSFLKTFKLAVKTVLHTALKAISS,"positive, negative"
VLSIVACSSGCGSGKTAASCVETCGNRCFTNVGSLC,positive
GFFGNAWKKIKGKAEKFFRKKAAKIIAKKEGITKEEAEAKVDTMSKKQIKVYLLKHYGKKALQKASEKL,negative
LVRGCWTKSYPPKPCFVR,positive
WKRWVQRWKRFLR,"positive, negative"
FLPLVTMLLGKLF,"positive, negative"
KAVAAKKSPKKAKKPATPKKAAKSPKKVKKPAAAAKKAAKSPKKATKAAKPKAAKPKAAKAKKAAPKKK,"positive, negative"
KWCFRRCYAGICYRRCR,"positive, negative"
GLFDVIAKVASVIGGL,positive
RFRRLRKKFRKRLKKI,"positive, negative"
SIITMTKEAKLPQLWKQIACRLYNTC,"positive, negative"
GLWNSIKIAGKKLFVNVLDKIRCKVAGGCKTSPDVE,"positive, negative"
LNLKKLAAVAKKIL,"positive, negative"
GLMSSIGKALGGLIVDVLKPKTPAS,positive
LNLKGLIKKVASLLN,"positive, negative"
INWKKGKEVLKAL,"positive, negative"
GIHDIAKYGKPS,"positive, negative"
MGAIAKLVTKFGWPLIKKFYKQIMQFIGQGWTIDQIEKWLKRH,positive
AGRGKQGGKVRAKAKTRSSRAGLQFPVGRVHRLLRKGNY,"positive, negative"
ADRGWIKTLTKDCPNVISSICAGTIITACKNCA,positive
LRCMCIKWWSGKHPK,"positive, negative"
VDKGSYLPRPTPPRPIYNRN,"positive, negative"
SIGSALKKALPVAKKIGKIALPIAKAALP,"positive, negative"
GGLRSLGRKILRAWKKYGPQATPATRQ,"positive, negative"
GILGNIVGMGKKIVCGLSGLC,"positive, negative"
GLMGTLISKQMKK,"positive, negative"
IKLSPETKDNLKKVLKGAIKGAIAVAKMV,"positive, negative"
QRYFCRVRGGRCAALTCLPRETQIGRCSVKGRKCCR,"positive, negative"
FSLIPSAIGGLISA,"positive, negative"
FKCRRWQWRMKALGA,"positive, negative"
WKKIPKFLHLLKKF,"positive, negative"
MMRVMRRKTKVIWEKKDFIGLYSID,"positive, negative"
GLLSRLRDFLSDRGRRLGEKIERIGQKIKDLSEFFQS,"positive, negative"
IPRPLDPCIAQNGRCFTGICRYPYFWIGTCRNGKSCCRRR,"positive, negative"
LLPILGNLLNGLL,positive
KKLLPIVANLLKSLL,"positive, negative"
VGHNADLQIKLSIRRLLAAGVLKQTKGVGA,"positive, negative"
ILKKLLKGVKSI,negative
GLLGLLGSVVSHVLPAITQHL,positive
ALWKDILKNVGKAAGKAVLNTVTDMVNQ,"positive, negative"
KRIVKLLLKWLR,"positive, negative"
SVLGTVKDLLIGAGKSAAQSVLTTLSCKLSNSC,"positive, negative"
KFWSLLKKALRLWANVL,"positive, negative"
SGTSEKERESGRLLGVVKRLIVCFRSPFP,"positive, negative"
FLGALWNVKKSVF,positive
FLPIVAKLLSGLL,"positive, negative"
GIMSSLMKKLKKIIAK,"positive, negative"
FLQRIIGAWGRLL,"positive, negative"
FKCRRWQWAMKKLGA,"positive, negative"
FLGGLIKIVPAMICAVTKKC,"positive, negative"
YYNPLPHDCGRDNNTDICSR,negative
FQWQRNPRKVR,"positive, negative"
KWKLFKKIPKFLH,"positive, negative"
KCRRYCYRQRCVTYCRGR,"positive, negative"
WKSYVRRWRS,"positive, negative"
KKLAKALKLLALLWLKLAKALKKA,negative
RQKDKRPYSERKNQYTGPQFLYPPERIPP,"positive, negative"
QQCGRQASGRLCGNRLCCSQWGYCGSTASYCGAGCQSQCRS,positive
CVISAGWNHKIRCKLTGNC,"positive, negative"
FLSLIPHAINAVSAIAKHF,"positive, negative"
LIGSLFRGAKAIFRGARQGWRSHKAVSRYRARYVRRPVIYYHRVYP,"positive, negative"
SIGAKILGGVKTFFKGALKELASTYLQ,"positive, negative"
ILPWKWPWWPWRR,"positive, negative"
FIHHIIGGLFSAGKAAHRLIRRRRR,"positive, negative"
FLSGIVGMLGKLF,"positive, negative"
GWKKWLRKGAKHLGQAAIK,"positive, negative"
GRPNPVNTKPTPYPRL,negative
FLSLIPHAINAVSTLVHHF,"positive, negative"
GLRKKFRKTRKRIQKLGRKIGKTGRKVWKAWREYGQIPYPCRI,"positive, negative"
SLWETIKNAGKGFIQNLDKIR,"positive, negative"
GFKDWIKGAAKKLIKTVAANIANQ,negative
IHKFWRPGRWFKHI,"positive, negative"
ILAWKWAWWAWRR,positive
FLFSLIPNAISGLLSAFK,positive
FMGGLIKAATKALPAAFCAITKKC,"positive, negative"
FLGGLIKIVPAMICAVTKK,"positive, negative"
KKKGGGG,"positive, negative"
GILDTLKNLAKTAGKGALQGLVKMASCKLSGQC,"positive, negative"
GFGCPWNRYQCHSHCRSIGRLGGYCAGSLRLTCTCYRS,"positive, negative"
FLPLLLSALPSFLCLVFKKC,"positive, negative"
GVLDIFKDAAKQILAHAAEKQI,negative
ATCDLLSGTGIKHSACAAHCLLRGNRGGYCNGRAICVCRN,positive
FLGALFKVASKLVPAAICSISKKC,"positive, negative"
GLFKVLGSVAKHLLPHVAPIIAEKL,"positive, negative"
FLPFIAGVAAKFLPKIFCAISKKC,positive
VRRFPFFFPFLRR,"positive, negative"
KRIVQRIKDFLR,"positive, negative"
GILKKFMLHRGTKVYKMRTLSKRSH,"positive, negative"
RSGRGECRRQCLRRHEGQPWETQECMRRCRRRG,"positive, negative"
KLLNLLPGLLAGIF,"positive, negative"
KWKSFINKLTSKFLHSAKKF,negative
RRTCHCRSRCLRRESNSGSCNINGRIFSLCCR,"positive, negative"
GWKKWFNRAKKVGKTVGGLAVDHYLG,"positive, negative"
ATCDLFSFRSKWVTPNHAGCAAHCIFLGNRGGRCVGTVCHCRK,"positive, negative"
FLSLIPHAINAVSAIAKHFG,"positive, negative"
EPILGIITSLLKSL,"positive, negative"
INWSSIFESVKNLV,"positive, negative"
VNWKKVLAKIIKVAK,"positive, negative"
CSTNTFSLSDYWGNKGNWCTATHECMSWCK,positive
GAKYAKYIYNFYKYIAKYIW,"positive, negative"
INWLKLGKKMMSAI,"positive, negative"
FLPLIAGLAANFLPKIFCAITKKC,"positive, negative"
KWKSFLKTFKAAVKTVLHTALKAISS,"positive, negative"
LQDAALGWGRRCPRCPPCPRCSWCPRCPTCPRCNCNPK,"positive, negative"
KWKLFKKIPKFLHL,"positive, negative"
GIHDILKAGKPS,"positive, negative"
FIITGLVRGLTKLF,positive
KSLRRVWRSWR,"positive, negative"
GLLGKLLKIAAKVGSNLL,"positive, negative"
GIFSKLAGKKLKNLLISGLKNVGKEVGMDVVRTGIDIAGCKIKGEC,"positive, negative"
FFPIIAGMAAKVICAITKKC,"positive, negative"
FLPAIAGMAAKFLPKIFCAISKKC,"positive, negative"
KWFKKIPKFLHLAKKF,"positive, negative"
GAKALTKAATAFTKFYKTIW,"positive, negative"
VLPIIGNLLNSLL,positive
GIFSKISGKAIKNLFIKGAKNVGKEVGMDVVRTGIDVVGCKIKGEC,"positive, negative"
GSRYLCTPGSCWKLVCFTTTVK,positive
ACNFQSCWATCQAQHSIYFRRAFCDRSQCKCVFVRG,positive
AILTTLANWARKFL,"positive, negative"
HSSGYTRPLPKPSRPIFIRPIGCDVCYGIPSSTARLCCFRYGDCCHR,"positive, negative"
ITSHSLCTPGCAKTGSFNSFCC,positive
GLLKRIKTLL,"positive, negative"
GILGKLWEGVKSIF,negative
FFGSLLSLGSKLLPSVFKLFQRKKE,"positive, negative"
IRPIPFIPRGGKT,"positive, negative"
YPELQQDLIARLL,"positive, negative"
GLLSKVLGVGKKVLCGVSGLC,"positive, negative"
ALRLAIRKR,"positive, negative"
AQCGAQGGGATCPGGLCCSQWGWCGSTPKYCGAGCQSNCK,"positive, negative"
ANLKALLAVAKKIL,"positive, negative"
GFWKKVGSAAWGGVKAAAKGAAVGGLNALAKHIQ,"positive, negative"
SLGVTLGAAGVYTATQTIATQIWKCGAVLTTSAECSRTGNSC,positive
IIEKLVNTALGLLSGL,positive
KWCFRVCYRGRCYRRCR,"positive, negative"
DKLIGSCVWGATNYTSDCNAECKRRGYKGGHCGSFWNVNCWCEE,positive
AIPCGESCVWIPCISTVIGCSCSNKVCYR,"positive, negative"
FCTMIPIPRCY,"positive, negative"
FIHHIIGGLFSVGKHIHSLIHRRRR,positive
GIHDILKYAKPS,"positive, negative"
FLPILAGLAAKLVPKVFCSITKKC,"positive, negative"
FLFSLIPSAIAGLVSAIRN,positive
KWFKIQLQIKKWKNKK,"positive, negative"
RWKIFKKIPKFLHSAKKF,"positive, negative"
RQRDPQQQYEQCQKHCQRRETEPRHMQTCQQRCERRYEKEKRKQQKR,positive
LNLKALLAVAKKIL,"positive, negative"
RRRLCPIVIRVCRR,"positive, negative"
LKWLLKWLL,"positive, negative"
KKLALALKKLAPLWKKLALALKKA,negative
SLFSLIKAGAKFLGKNLLKQGAQYAACKVSKEC,"positive, negative"
KWKSFLKTFKKAVKTVLHTALKAISS,"positive, negative"
FLPMLAGLAASMVPKLVCLITKKC,"positive, negative"
LKLKAIAALAKKKW,"positive, negative"
RFRRLRDKTRDRLKKI,"positive, negative"
FLPLLAGLAANFLPKIFCKITRKC,"positive, negative"
KWKSFIKKLPKAAKKVVTTAKKPLIV,negative
AQRCGDQARGAKCPNCLCCGKYGFCGSGDAYCGAGSCQSQCRGC,"positive, negative"
GKREKCLRRNGFCAFLKCPTLSVISGTCSRFQVCC,"positive, negative"
MGALIKTGAKIIGSGAAGGLGTYIGHKILGK,positive
MNKVKEWIKYLKSLFSM,"positive, negative"
IWNKIAKSIGKVLEKAL,"positive, negative"
WGRRGWGPGRRYVRN,"positive, negative"
LRRIIRKIIHIIKK,negative
IKFEPPLPPKKAHKKFWEDDGIYYPPNHNFP,"positive, negative"
FFPIVGKLLFGLSGLL,"positive, negative"
RRLIRLILRLLR,"positive, negative"
INWKSIFEKVKNLV,"positive, negative"
RRRCPIVVIRVCRR,"positive, negative"
FDIMGLIKKVAGAL,"positive, negative"
TDHQMAQSACIGVSQDNAYASAIPRDCHGG,"positive, negative"
LCNERPSQTWSGNCGNTAHCDKQCQDWEKASHGACHKRENHWKCFCYFNC,positive
KKLKAFA,"positive, negative"
GCLEFWWKCNPNDDKCCRPKLKCSKLFKLCNFSF,"positive, negative"
AMVSS,"positive, negative"
RLLRKFFRKLKKSV,"positive, negative"
GMATKAGTALGKVAKAVIGAAL,"positive, negative"
FFGRLKSMWRGARGGLKAYKYQKDMAKMNKRYGPNWQQGGGQEPPADAQANDQPP,positive
GLLSVLKGVLKTAGKHIFKNVGGSLLDQAKCKISGQC,"positive, negative"
GLWNSIKIAGKKLFVNVLDKIRSKVAGGS,"positive, negative"
GLLSSLSSVAKHVLPHVVPVIAEHL,"positive, negative"
RPKPQQWFWLM,"positive, negative"
ALSILKGLEKLAKMGIALTNCKATKKC,negative
GLFSVLGSVAKHLLPHVVPVIAEKL,"positive, negative"
FKCRRWQWRAKKLGA,"positive, negative"
FKRIHQRIKDFLR,"positive, negative"
FLGMIPGLIGGLISAFK,positive
QCIGNGGRCNENVGPPYCCSGFCLRQPGQGYGYCKNR,positive
FLGALAKIISGIF,"positive, negative"
IRPVPFFPPVHAKKVFPLH,"positive, negative"
QWGRRCCGWGPGRRYCVRWC,positive
FLFRVASKVFPALIGKFKKK,positive
AVLDILKDVGKGLLSHFMEKV,negative
GIGKHVGKALKGLKGLLKGLGES,negative
GIFGKILGAGKKVLCGLSGLC,"positive, negative"
QWGRRCCGWGPGRRYCRRWC,"positive, negative"
AFALKKK,"positive, negative"
FLPIPRPILLGLL,"positive, negative"
KWKLFKKIPLAKKF,"positive, negative"
FLGGLIKPWWPWRR,"positive, negative"
ACSAG,"positive, negative"
FFHLHFHY,"positive, negative"
SIRDKIKTIAIDLAKSAGTGVLKTLICKLDKSC,"positive, negative"
RFRRLRKKWRKRLKKI,"positive, negative"
MTPFWRGVSLRPVGASCRDNSECITMLCRKNRCFLRTASE,negative
VWPLGLVICKALKIC,"positive, negative"
FLGLLFHGVHHVGKWIHGLIHGHH,"positive, negative"
EMLKKKKEVKMERKT,"positive, negative"
GLWSKIKAAGKEAAKAAAKAAGKAALNAVSEAV,"positive, negative"
KWKLFKKIPKFLHLA,"positive, negative"
ATRSYGNGVYCNNSKCWVNWGEAKENIAGIVISGWASGLAGMGH,positive
GIMSIVKDVAKTAAKEAAKGALSTLSCKLAKTC,"positive, negative"
DNTDSVVKIQSWFRMATARKSYL,"positive, negative"
KYYGNGLSCSKKGCTVNWGQAFSCGVNRVATAGHGK,positive
RLWRIVVIRVAR,"positive, negative"
KRKKHRCRVYNNGMPTGMYRWC,positive
VNPIILGVLPKFVCLITKKC,"positive, negative"
KVPIGAIKKGGKIIKKGLGVIGAAGTAHEVYSHVKNRH,"positive, negative"
KWKSFIKKLTTAVKKVLTTGLPALIS,negative
RLKLLLLRLK,"positive, negative"
ILPFVAGVAAMEMEHVYCAASKKC,"positive, negative"
GIFGKILGVGKKVLCGLSGVC,"positive, negative"
LLKELWTKMKGAGKAVLGKIKGLL,"positive, negative"
KSYGNGVQCNKKKCWVDWGSAISTIGNNSAANWATGGAAGWKS,positive
RQIKIWFQNRRLKWKK,"positive, negative"
FKRIVQRIKDSLR,"positive, negative"
CGIYRSLKLIKSLVLIK,"positive, negative"
IGGALGNALNGLGTWANMMNGGGFVNQWQVYANKGKINQYRPY,positive
ALFSILRGLKKLGNMGQAFVNCKIYKKC,negative
FLFSLIPHAISGLISAFK,positive
KKKKKKAGFAAWAAFGA,negative
FIHHAAGGLFSAGKAIHRLIRRRRR,negative
RQRDPQQQYEQCQKHCQRRETEPRHMQTCQQRCERRYEKEKRKQQKRYEEQQREDEEKYEERMKEED,positive
GLLGKLLKIAAKVGKKLL,"positive, negative"
FLSTALKVAANVVPTLFCKITKKC,"positive, negative"
GFKGAFKNVMFGIAKSAGKSALNALACKIDKSC,"positive, negative"
GFSSLFKAGAKYLLKSVGKAGAQQLACKAANNCA,positive
WRVRWKTRWRVK,"positive, negative"
DIQIPGIKKPTHRDIIIPNWNPNVRTQPWQRFGGNKS,positive
FLPLIAGVAANFLPKIFCLISKKC,"positive, negative"
LAFVAGVAAEMMQHVYCAASKKC,"positive, negative"
ALWKTLLKNVGKAAGKAALNAVTDMVNQ,"positive, negative"
GILSSLLKKLKKWIAK,"positive, negative"
GSKKPVPIIYCNRRTGKCQ,positive
KKAKAFAKAWAKAFKAA,negative
KKKSFIKLLTSAKVSVLTTAKPLISS,negative
LNLKALLAVAAKIL,"positive, negative"
GIPCGESCVFIPCITGAIGCSCKSKVCYRN,"positive, negative"
KGCALVKVRGLTLKVCK,"positive, negative"
PPHKKKLAVYPVFLFYLFLSWFSLIV,"positive, negative"
GNGVLKTISHECNMNTWQFLFTCC,positive
VWRHWRRFW,"positive, negative"
FSSLSLCSLGCTGVKNPSFNSYCC,positive
GIGALSAKGALKGLAKGLAEHFAN,"positive, negative"
QLINSPVTCMSYGGSCQRSCNGGFRLGGHCGHPKIRCCRRK,negative
GIMDTLKNLAKTAGKGALQSLLNHASCKLSGQC,"positive, negative"
FFKLIPKLVKGLISAFK,"positive, negative"
VKLFPVKLFP,"positive, negative"
GIGTKILGGVKTALKGALKELASTYAN,"positive, negative"
KFRKFGKQVWVRL,negative
ILPLVGNLLNDLL,"positive, negative"
FFPIVGKLLFGLFGLL,"positive, negative"
RRWQWRMKKL,"positive, negative"
FLPLLAGLAANFLPTIICKISYKC,"positive, negative"
GIMDTLKNLAKTAGKGALQSLVKMASCKLSGQC,"positive, negative"
KWLRRVWRWWR,"positive, negative"
ATCDLASKWNVNHALCAAHCIARRYRGGYCNSKAVCVCR,positive
GFKDLLKGAAKALVKTVLF,"positive, negative"
SAPRGCWTKSYPPKPCK,"positive, negative"
KWCGRVCYRGICYRRCR,"positive, negative"
RRIRPRPPRLPRPRPRPLPFPRPGPRPIPRPLPFPRPGPRPIPRPLPFPRPGPRPIPRPL,"positive, negative"
LAKKIYRKWKRW,"positive, negative"
MNFNKFFVLFALIMVAVVGQSEAGWLKKLGKKIERVGQHTRDATIQTIGVAQQAVNVAATLKG,negative
KKLALKALLLWLKALLKLAKLALKK,negative
KALKKFLKAWAKLFKAL,negative
YVPPVQKPHPNGPKFPTFP,"positive, negative"
RVCFAIPLPICH,"positive, negative"
TKYYGNGVYCNSKKCWVDWGTAQGCIDVVIGQLGGGIPGKGKC,positive
KWCFRVCYRGICYRACR,"positive, negative"
QGVRNSQSCRRNKGICVPIRCPGSMRQIGTCLGAQVKCCRRK,"positive, negative"
GLADYWRTAFRANFANLGPGIRCKSARC,"positive, negative"
LKWLLKWLK,"positive, negative"
GIGGALLSAAKVGLKGLAKGLAEHFAN,"positive, negative"
RGKRWWRRKK,"positive, negative"
ASIIKTTIKVSKAVCKTLTCICTGSCSNCK,positive
FSFKRLKGFAKKLWNSKLARKIRTKGLKYVKNFAKDMLSEGEEAPPAAEPPVEAPQ,"positive, negative"
GFGCPLNQGACHNHCRSIRRRGGYCSGIIKQTCTCY,positive
SGTPEKERESGRLLGVVKRYIVCVRNPCP,"positive, negative"
ATCDLASIFNWNHTLCAAHCIARRYRGGYCNSKAVCVCR,positive
ITSISLCTPGCKTGALMGCNMKTATCNCSVHVSK,positive
KFFKKLKNSVKKRAKKFFKKPKVIGVTFPF,positive
FKRQVQRIKDFLR,"positive, negative"
ITSISLCTPGCKTGVLMGCNLKTATCNCSVHVSK,positive
GLFLDTLKGLAGKLLQGLKCIKAGCKP,"positive, negative"
FLPAIVGAAAKFLPKIFCVISKKC,"positive, negative"
GQALNKLMPKIVSAIIYMIGQPNAGVTFLGHQCLVESTRQPDGFYTAKMWCTSWTSDNPIVGEGRSRVELEALKGSIRNFVQTASDYKKFTIEEVEDWIAS,"positive, negative"
SIGTAVKKAVPIAKKVGKVAIPIAKAVLSVVGQLVG,"positive, negative"
IGKKFKRIVKRIKKFLRKL,"positive, negative"
LLGDFFRKVKEKIGKEFKRIVQRIKDFLRNLVPRTES,negative
GLTRLFSVIK,"positive, negative"
GLWEKIKEKASELVSGIVEGVK,positive
KFRTRRSKSSSNGGRKGSKG,"positive, negative"
GVFLDALKKFAKGGMNAVLNPK,"positive, negative"
KWCARVCARGACYRRCR,"positive, negative"
WRVRWKVRWRVK,"positive, negative"
NILNTIINLAKKIL,"positive, negative"
GLFTLIKCAYQLIAPTVACN,"positive, negative"
GRFRRLRKKTRKRLKKIGKVLKWIPPIVGSIPLGC,"positive, negative"
MTCGQVQGNLAQCIGFLQKGGVVPPSCCTGVKNILNSSRTTADRRAVCSCLKAAAGAVRGINPNNAEALPGKCGVNIPYKISTSTNCNSIN,positive
DTHISEKIIDCNDIG,"positive, negative"
FFPIGVFCKIFKTC,"positive, negative"
RIGVLLARLPKLFSLFKLMGKKV,"positive, negative"
GIMDTVKNAAKDLAGQLDKLKCRITGC,negative
NVWKKILGKIIKVAK,"positive, negative"
GLPGPLGPAGPK,"positive, negative"
ATCDLASKFNWNHALCAAHCIARRYRGGYCNSKAVCVCR,positive
GFMATAKNVAKNMDVTLLDNLKCKITKAC,"positive, negative"
LFGSVKAWFKGAKKGFQDYRYQKDMAKMNKRYGPNWQQRGGQEPPADAQANDQPP,positive
DQYRCLQNGGFCLRSSCPSHTKLQGTCKPDKPNCCRS,negative
KKLAKALKLLAPLWLKLAKALKKA,negative
IDPFVAGVAAEMMQHVYCAASKKC,"positive, negative"
FFPIVGKLLSGLL,"positive, negative"
KLLKWLLKL,"positive, negative"
IFGAILPLALGALKNLIK,"positive, negative"
LLPIVGKLLSGLL,"positive, negative"
KIKWGKIFKKGGKLIGKTALEAAANAAASEAISAMASQNE,"positive, negative"
LNLKGIFKKVASLLT,"positive, negative"
FLGSLLGLVGKVVPTLFCKISKKC,"positive, negative"
GLADFLNKAVGKVVDFVKS,positive
DWTFANWSCLVCDDCSVNLTV,"positive, negative"
FMPIIGRLMSGSL,"positive, negative"
GDINGEFTTSPACVYSVMVVSKASSAKCAAGASAVSGAILSAIRC,positive
FLPLVTGLLSGLL,"positive, negative"
GINTLKKVIQGLHEVIKLVSNHA,"positive, negative"
NIGNSVSCLRNKGVCMPGKCAPKMKQIGTCGMPQVKCCKRK,"positive, negative"
KWCFRSCYRGICYRRCR,"positive, negative"
MFTLKKPLLLLFFLGTISLSLCQEERDADEEEGEMIEEEVKRSLLGTVKDLLIGAGKSAAQSVLKGLSCKLSKDC,"positive, negative"
ILPILGNLLNGLL,"positive, negative"
RFPWWWPFLR,"positive, negative"
GIMSSLMKKLAAIIAK,"positive, negative"
QGVRSYLSCWGNRGICLLNRCPGRMRQIGTCLAPRVKCCR,"positive, negative"
IWLTALKFLGKNLGKHLAKQQLAKL,"positive, negative"
RLCRIWWIRWCR,"positive, negative"
IPAMEPAARVKRSPGYGGCSPRWACGGYG,positive
FIHHIIGGLFSAGKAIHRLIR,positive
KFFKKLKKAVKKGFKKFAKV,"positive, negative"
LFGFLIPLLPHIIGAIPQVIGAIR,"positive, negative"
GCRRLCYKQRCVTWCRGR,"positive, negative"
SNMIEGVFAKGFKKASHLFKGIG,"positive, negative"
RAVAVIIRLRRV,"positive, negative"
IHKFWRCRRRFCRWFKHI,"positive, negative"
GLLDSIKGMAISAGKGALQNLLKVASCKLDKTC,"positive, negative"
GLFNVFKGLKTAGKHVAGSLLNQLKCKVSGGC,"positive, negative"
CYCRIPACIAGERRYGTCIYQGRLWAFCC,"positive, negative"
GIFSKFAGKGIKDLIIKGVKGIAKEAGMDVIRTGIDIAGCKIKGEC,"positive, negative"
GFMNTAKNVAKNVAVTLLDNLKCKITGGC,"positive, negative"
FIGGIISFFKRLF,"positive, negative"
ATQSHQ,positive
ILGKIWKIKKLF,"positive, negative"
RRRRRRRR,"positive, negative"
FLPFIAGMAANFLPKIFCAISKKC,"positive, negative"
SLGPAIKATRQVCPKATRFVTVSCKKSDCQ,positive
KKINNPVSCLRKGGRCWNRCIGNTRQIGSCGVPFLKCCKRK,negative
GLFSKFAGKGIKNMIIKGIKGIGKEVGMDVIRTGIDVAGCKIKGEC,"positive, negative"
TPFKISIHL,"positive, negative"
ALLLAIRKR,"positive, negative"
LKKLLKWLKKL,"positive, negative"
FLPFLASLLTKVL,positive
DFGCGQGMIFMCQRRCMRLYPGSTGFCRGFRCMCDTHIPLRPPFMVG,"positive, negative"
FLPIIAKLLGGLL,"positive, negative"
GLFDIVKKVVGAFGSL,positive
CVKCKCKCGSGVKVKVKVC,negative
EKKCPGRCTLKCGKHERPTLPYNCGKYICCVPVKVK,"positive, negative"
RRICRCRIGRCLGLEVYFGVCFLHGRLARRCCR,"positive, negative"
GDVNWVDVGKTVATNGAGVIGGAFGAGLCGPVCAGAFAVGSSAAVAALYDAAGNSNSAKQKPEGLPPEAWNYAEGRMCNWSPNNLSDVCL,negative
GLVDVLGKVGGLIKKLLPG,positive
QGVRNHVTCRIYGGFCVPIRCPGRTRQIGTCFGRPVKCCRRW,"positive, negative"
INWLKLGKMVIDAL,"positive, negative"
AIGSILGALAKGLPTLRSWIKNR,"positive, negative"
KWKKFIKNLTKGGSKILTTGLPALIS,negative
ILGPVISTIGGVLGGLLKNL,"positive, negative"
LLKKLLKWLKK,"positive, negative"
ASGWVCTLTIECGTVICAC,positive
FLPVLAGIAAKVVPALFCKITKKC,"positive, negative"
FLPIVAKLLSGLLGRKKRRQRRR,"positive, negative"
RWCFRVCYRGICYRRCR,"positive, negative"
IGKKFKRIVQRIKKFLRKL,"positive, negative"
FLPLLAGLAANFFPKIFCKITRKC,"positive, negative"
GLFLDTLKGAAKDVAGKLEGLKCKITGCKLP,positive
RIIDLLWRVRRPQKPKFVTVWVR,"positive, negative"
FLKALWKVAKKVF,"positive, negative"
GLFDIAKKVIGVIGSL,positive
KCRRRKVHGPMIRIRKKNL,negative
KWKSFLKTFKGAVKTVLHTALKAISS,"positive, negative"
FLSGIVGMLGKLFGK,"positive, negative"
GILSGLLGVGKMLVCGLSGLC,"positive, negative"
RRWWRRWRRW,"positive, negative"
GIVDFAKGVLGKIKNVLGI,positive
AIGCNTVASKMAPCLPYVTGKGPLGGCCGGVKGLIDAARTTPDRQAVCNCLKTLAKSYSGINLGNAAGLPGKCGVSIPYQISPNTDCSKVH,"positive, negative"
ILGAIIPLVSGLLSHL,positive
KYYGNGVTCGKHSCSVNWGQAFSCSVSHLANFGHGKC,positive
VIPFVASVAAEMQHVYCAASRKC,"positive, negative"
LLKWLLK,positive
KWKLFKKIPLHLAKKF,"positive, negative"
GIKIAKKAITIAKKIAKIYW,"positive, negative"
QWGYGGYGRGYGGYGGYGRGMYGGYGRGMYGGYGRGMYGGYGRGMYGGWGK,negative
GVLSNVIGYLKKLGTGALNAVLKQ,"positive, negative"
GIGAAILSAGKSIIKGLANGLAEHF,negative
RCTCTTIISSSSTF,positive
FLPLLLAGLPKLLCLFFKKC,"positive, negative"
FFPIVGKLLSGLSGLL,"positive, negative"
KKKKKKALFALWLAFLA,negative
FLGGLIKKWPWWPWRR,"positive, negative"
RKWLFW,negative
AVDLAKIANKVLSSLF,"positive, negative"
KGGSGVIHTISHECNMNSWQFVFTCCS,positive
FLPVIAGLAAKVLPKLFCAITKKC,"positive, negative"
ILKWKWPWWKWRR,"positive, negative"
SILGKLWKGVKSIF,"positive, negative"
FLGGLMKAFPALICAVTKKC,"positive, negative"
FLPIVGKLLSGLSGLL,"positive, negative"
GIFSLFKAGAKFFGKHLLKQAGKAGAEHLACKATNQC,"positive, negative"
AKKVFKRLEKLFSKIQNDK,"positive, negative"
EPFKISIHL,"positive, negative"
CFCKRPVCDSGETQIGYCRLGNTFYRLCCRQ,"positive, negative"
TVVTQA,positive
KWKSFLKTFKSAVKTVLHTALKAISS,"positive, negative"
KWCFRVCARGICYRRCR,"positive, negative"
FLPIALKALGSIFPKIL,positive
GLISGILGVGKMLVCGLSGLC,"positive, negative"
FKRIVQRAKDFLR,"positive, negative"
IDWKKLLNAAKQIL,"positive, negative"
SGKLCCRRKK,"positive, negative"
KWKSFIKKLTSVLKKVVTTAKPLISS,negative
WKSYVRRW,"positive, negative"
VKVGINGFGRIGRLVTRAAFHGKKVEVVAIND,"positive, negative"
RLVRILVSKRPVAIKPYFRL,negative
INWLKLGKKILGAI,"positive, negative"
FSRYARMRDSRPWSDRKNNYSGPQFTYPPEKAPPEKLIKWNNEGSPIFEMPAEGGHIEP,"positive, negative"
KILSSLLKKLKKIIAK,"positive, negative"
GFIFHIIKGLFHAGKMIHGLV,"positive, negative"
FFKLIPKLVKKLIKAFK,"positive, negative"
GIMDSVKNAAKNLAGQLLDTIKCKITAC,negative
FKCRRWQWRMKKLGAPSITCVRRAF,"positive, negative"
KFWSLLKKALRLWKKVL,positive
KWCFRVAYRGIAYRRCR,"positive, negative"
GVFTLIKGATQLIGKTLGKELGKTGLEIMACKITKQC,"positive, negative"
LLKKALRLWKKVL,"positive, negative"
FQWQRNMRKVRGPPVS,"positive, negative"
RWQWRWQWR,"positive, negative"
AIGHCLGATL,"positive, negative"
GLFSKFVGKGIKNFLIKGVKHIGKEVGMDVIRVGIDVAGCKIKGVC,"positive, negative"
VAIALKAAHYHTHKE,positive
AKAWGIPPHVIPQIVPVRIRPLCGNV,"positive, negative"
AGWGSIFKHIFKAGKFIHGAIQAHND,"positive, negative"
FPPPGESAVDMSFFYALSNP,"positive, negative"
NLVSGLIEARKYLEQLHRKLKNCKV,"positive, negative"
FLPAVLRVAAKVVPTVFCLISKKC,"positive, negative"
GLGSFLKNAIKIAGKVGSTIGKVADAIGNKE,negative
RIGSILGRLAKGLPTLRSWIKNR,"positive, negative"
KKLKLALAKPALLWKALALKLKKA,negative
KWRWIW,"positive, negative"
LLKWLKKLLKK,"positive, negative"
GIFALIKTAAKFVGKNLLKQAGKAGLEHLACKANNQC,"positive, negative"
GANLAKKFYTYINKFINYAW,"positive, negative"
INWKALLDAAKKVL,"positive, negative"
AKKVSKRLEKLFSKIQNDK,"positive, negative"
FGLPMLSILPKALCILLKRKC,"positive, negative"
FQWQRNMRKV,"positive, negative"
VNFKLLSHSLLVTLASHL,"positive, negative"
RPKPQQFFGLM,"positive, negative"
RFIYMKGFGKPRFGKR,"positive, negative"
RQRDPQQQYEQCQKRCQRRETEPRHMQICQQRCERRYEKEKRKQQ,positive
KKLAKLALLKWLLALKLLALKALKK,negative
RIIDLLARVRRPQKPKFVTVWVR,"positive, negative"
NGEWGYVVTKGAFQATTDVIANGWVSSLGGGYFGKP,positive
GFWGSLWEGVKSVV,"positive, negative"
RSVCRQIKICRRRGGCYYKCTNRPY,"positive, negative"
GLPTCGETCTLGTCYVPDCSCSWPICMKN,"positive, negative"
GFLGILFHGVHHGRKKALHMNSERRS,"positive, negative"
ACYCRIPACLAGERRYGTCFYMGRVWAFCC,"positive, negative"
GLSRLFTALK,"positive, negative"
GLKEIFKAGLGSLVKGIAAHVAS,negative
VTCELLMFGGVVGDSACAANCLSMGKAGGSCNGGLCDCRKTTFKELWDKRFG,"positive, negative"
ILPFVAGVAAEMMKHVYCAASKKC,"positive, negative"
GCFEDWSRCSPSTASATGVLWRSCDSYCKVCFKADRGECYDSPSLNCPHRLPNNKQCRCINARTAKDNRNPTCWA,"positive, negative"
INWKGIAAMKKLL,"positive, negative"
GFKEVLKAGLGSLVKGIPAHVAN,"positive, negative"
FLSLIPSLVGGSISAFK,"positive, negative"
AKRLKKLAKKIWNWK,"positive, negative"
GLLGPLLKIAKKVGSNLL,"positive, negative"
GFFALIPKIISSPLFKTLLSAVGSALSSSGGQE,"positive, negative"
WKKIPKFLHLAKKF,"positive, negative"
KIAKRIWKILRRR,"positive, negative"
GILSGILGVGKKLVCGLSGLC,"positive, negative"
LVAYGIAQGTAEKVVSLINAGLTVGSIISILGGVTVGLSGVFTAVKAAIAKQGIKKAIQL,positive
VTCDLLSFEAKGFAANHSICAAHCLVIGRKGGACQNGVCVCRN,"positive, negative"
FKRLKKLFKKIWNWK,"positive, negative"
FQWQRNMRKVR,"positive, negative"
FLGPIIKIATGILPTAICKFLKKC,"positive, negative"
RRYGTCIYQGRLWAF,positive
AKKVFKRLEKLFSKIWNDK,"positive, negative"
GLMSVLGHAVGNVLGGLFKS,"positive, negative"
STPACAIGVVGITVAVTGISTACTSRCINK,positive
KWCFRVCRRGICYRRCR,"positive, negative"
GIFSLIKGAAQLIGKTVAKEAGKTGLELMACKVTKQC,"positive, negative"
GLLSFLPKVIGVIGHLIHPPS,positive
GLKDKFKSMGEKLKQYIQTWKAKF,"positive, negative"
KWKLFKKIGIGAVLKVLTTGLPALIS,"positive, negative"
GLLSGILGAGKHIVCGLSGLC,negative
RKLRRLKRKIAHKVKKY,"positive, negative"
YDLSDSNCLPANRDKRYYVI,negative
GIFSKLAGKKLKNLLISGLKSVGKEVGMDVVRTGIDIAGCKIKGEC,"positive, negative"
RLFIKKLKFITRR,negative
RRWWWRWRRW,"positive, negative"
GATYAKKIIKTITKIATTAW,"positive, negative"
GVLDILKGAAKDLAGH,"positive, negative"
GWGSFFKKAAHVGKHVGKAALTHYL,"positive, negative"
KQFRIRVRVIRK,"positive, negative"
KNNWQTNVLEGGGAAFGGWGLGTAICAASGVGAPFMGACGYIGAKFGVDLWAGVTGATGGF,positive
RRPWRWPWWPWRR,"positive, negative"
GVNMYIRQIYDTCWKLKGHCRNVCGKKEIFHIFCGTQFLCCIERKEMPVLFVK,negative
GRRRSVQWCAVSQPEATKCFQWQRNMRKVRGPPVSCIKRDSPIQCIQA,negative
GLLSVLGSVAQHVLPHVVPVIAEHL,"positive, negative"
APPPGLSAGV,"positive, negative"
GFCRCLCRRGVCRCICTK,"positive, negative"
STNCFCYICCSCSS,"positive, negative"
MQIFVKTLTGKTITLEVEPSDTIENVKAKIQDKEGIPPDQQRLIFAGKQLEDGRTLSDYNIQKESTLHLVLRLR,"positive, negative"
KPAWCWYTLAMCGAGYDSGTCDYMYSHCFGIKHHSSGSSSYHC,positive
RGLRRLGRKIAHGVKKY,"positive, negative"
FLSLLPSIVSGAVSLAKKLG,positive
GAFGNFLKGVAKKAGLKILSIAQCKLSGTC,"positive, negative"
ATCYCRTGRCATRESLSGVCEISGRLYRLCCR,"positive, negative"
GWGSIFKHGRHAAKHIGHAAVNHYL,"positive, negative"
FLPIIASVAANVFSKIFCAISKKC,"positive, negative"
QVYKGGYARPIPRPPPFVRPLPGGPIGPYNGCPVSCRGISFSQARSCCSRLGRCCHVGKGYSG,"positive, negative"
GNNRPVYIPQPRPPHPRI,"positive, negative"
KFFKKLKNSVKKRAKKFFKKPRVIGVSIPF,positive
APRKNVKW,negative
KNWKKIASIGKEVLKAL,"positive, negative"
SALVGCGTKSYPPKPCFGR,positive
WLRAFRRLVRRLARGLRR,"positive, negative"
WKRWVRRWKRWLR,"positive, negative"
GLLDTFKNLALNAAKSAGVSVLNSLSCKLSKTC,"positive, negative"
GASCGETCFTGICFTAGCSCNPWPTCTRN,"positive, negative"
ATYYGNGLYCNKQKCWVDWNKASREIGKIIVNGWVQHGPWAPR,positive
SNWLKLGKKMMSAL,"positive, negative"
KFFRKLKKSVKKRAKKFFKKPRVIGVSIPF,"positive, negative"
ATCDLASIWNVNHTLCAAHCIARRYRGGYCNSKAVCVCR,positive
RFRPPIRRPPIRPPFNPPFRPPVRPPFRPPFRPPFRPPIGPFP,"positive, negative"
KKKSGVIPTVSHDCHMNSFQFVFTCCS,positive
KVPIGAIKKGGKIIKKGLGVLGAAGTAHEVYNHVRNRQ,"positive, negative"
SPPPGESKVDMSFNYALSNPAQ,"positive, negative"
GLLDFVTGVGKDIFAQLIKQI,"positive, negative"
RRFFFRFRRF,"positive, negative"
RICRIVVIRVCR,"positive, negative"
GIFTLIKGAAKLIGKTVAKEAGKTGLELMACKITNQC,"positive, negative"
KKKKAAFLKLWLKLFAA,negative
CYSAAKYPGFQEFINRKYKSSRF,"positive, negative"
FIKELLPHLSGIIDSVANAIK,"positive, negative"
ESEFDRQEYEECKRQCMQLETSGQMRRCVSQCDKRFEEDIDWSKYDNQE,positive
IHHIHHIIHHIHHIIHHIHHI,negative
CWSCMGHSCWSCMGHSCWSCAGHSCWSCMGHSCWSCMGHSCWSCAGHCCGSCWHGGM,"positive, negative"
MAKEFGIPAAVAGTVINVVVAGGWVTTIVSILTAVGSGGLSLLAAAGRESIKAYLKKEIKKKGKRAVIAW,"positive, negative"
WKRWVQRWKRWLR,"positive, negative"
GGYYCPFFQDKCHRHCRSFGRKAGYCGGFLKKTCICV,positive
FIAAIIGGLFSAGKAIHRLIRRRRR,positive
WKSYVRRWR,"positive, negative"
FRGLAKLLKIGLKSFARVLKKVLPKAAKAGKALAKSMADENAIRQQNQ,"positive, negative"
GILDSLKNLAKNAGQILLNKASCKLSGQC,"positive, negative"
FFRLLFHGVHHGGGYLNAA,"positive, negative"
GIFSKISGKAIKNLFIKGAKNVGKRVGMDVVRTGMDVVGCKIKGEC,"positive, negative"
FKRISQRIKDFLR,"positive, negative"
GVFTLLKGATQLIGKTLGKELGKTGLELMACKITNQC,"positive, negative"
GLLDFAKHVIGIASKLG,positive
VYPFCWGGAYAFCKAKLV,positive
KKKLAYA,"positive, negative"
LALKSGGWLRLFGLKDKKH,"positive, negative"
GVIDAAKKVVNVLANLF,positive
LILGKLWKGVKSIF,"positive, negative"
KKKKAAFAKAWAKAFAA,negative
FLPFLATLLSKVL,positive
GCWSTVLGGLKKFAKGGLEAIVNPK,negative
SVIGCEICEWLVATAEGFVNKTKPQIEQELLQICAKLGPYEQICDQLVLMELPDIIDQIIAKEPPAIVCSQVKICNG,"positive, negative"
WRIRWKTRWRIK,"positive, negative"
GILDTLKEFGKTAAKGIAQSLLSTASCKLAKTC,"positive, negative"
GIGKFLKKAKKFGKAFVKILKK,"positive, negative"
GLLPLLSLLGKLL,"positive, negative"
WGEAFSAGVHRLANGGNG,"positive, negative"
QCMQLETSGQMRRCVSQCDKRFEEDIDWSKYDNQE,positive
LFGLIPSLIGGLVSAFK,"positive, negative"
KLKKLLKKWLKLLKKLLK,"positive, negative"
DTHFPICIFCCGCCHRSKCGMCCKT,"positive, negative"
FLPIVGKLLSGLSGLS,"positive, negative"
KKLALLALKKWLLALKKLALLALKK,negative
LLLE,"positive, negative"
LRRLLRWLRRLLRR,"positive, negative"
KWKSFIKKLTSKFLHLAKKF,negative
RLARIVVIRVRR,"positive, negative"
SLQPGAPNVNNKDQPWQVSPHISRDDSGNTRTNINVQRHGENNDFEAGWSKVVRGPNKAKPTWHIGGTHRW,negative
FLGALFKVASKVLPSVFCAITKKC,"positive, negative"
VNWKKILPKIIKVVK,"positive, negative"
GIHDILAYGKPS,"positive, negative"
KWCFRVCGRGICYRRCR,"positive, negative"
RIKRFWPVVIRTVVAGY,"positive, negative"
VRFKLLSHSLLVTLASHL,"positive, negative"
FKCRRWQWRMKKLAA,"positive, negative"
LLPIVGNLLKSLL,"positive, negative"
SLLSLIRKLIT,"positive, negative"
SGTSEKERESERLLGVVNPLIKCFRSPCP,"positive, negative"
KWKLFKKLKVLTTGL,"positive, negative"
GLMDTIKGVAKTVAASWLDKLKCKITGC,"positive, negative"
VTCFCRRRGCASRERHIGYCRFGNTIYRLCCRR,"positive, negative"
RRLRKKTRKRLK,"positive, negative"
PVVDTTGNNPLQQQEEYYV,negative
RIKRFWPVVIRTVVAGYNLY,"positive, negative"
AWCFRVCYRGICYRRCR,"positive, negative"
GLFVGLAKVAAHNNPAIAEHFQA,positive
KSKEKIGKEFKRIVQRIKDFLRNLVPRTES,"positive, negative"
LTCEIDRSLCLLHCRLKGYLRAYCSQQKVCRCVQ,"positive, negative"
CVKVRVKVGSGVKVRVKVC,negative
VVKCSYRLGSPDSQCN,"positive, negative"
LLPNLLKSLL,positive
DDRRSPLEECFQQNDYEEFLEIARNSQLYQESLREDSSYHLSFIESLKSDALFSYEKKFWEADGIHGGKVINDLSLIHDLPKREIQALCYPSIKK,"positive, negative"
GLLKFIKKLL,"positive, negative"
LKKLLKLLKKLAKLAG,"positive, negative"
GIFLDKLKNFAKGVAQSLLNKASCKLSGQC,negative
FKCRRWAWRMKKLGA,"positive, negative"
FLPLIGKVLSGIL,"positive, negative"
FVQWFSKFLGRIL,"positive, negative"
KWKSFIKKLTSKFLHSADKF,negative
SVMGTVKDLLIGAGKSAAQSVLKSLSCKISNDC,"positive, negative"
AIMDTIKDTAKTVAVGLLNKLKCKITGC,"positive, negative"
WKVKWKVKWKVK,"positive, negative"
CFLPKLFAKITKKNMAHIR,negative
GAARKSIRLHRLYTWKATIYTR,positive
MACQCPDAISGWTHTDYQCHGLENKMYRHVYAICMNGTQVYCRTEWGSSC,"positive, negative"
LLGRCKVKSNRFHGPCLTDTHCSTVCRGEGYKGGDCHGLRRRCMCLC,"positive, negative"
TSRCYIGYRRKVVCS,"positive, negative"
FIHHIIGGLFSAGKAIHRLIRRRRR,"positive, negative"
LQDAALGWGRRCPRCPPCPRCSWCPRCPTCPGCNCNPK,"positive, negative"
VNWKKILGKIIKVAK,"positive, negative"
RIGSILGALAKGLPTLISWIKNR,"positive, negative"
GFVDLAKKVVGGIRNALGI,"positive, negative"
TRSRWRRFIRGAGRFARRYGWRIAL,"positive, negative"
GKPRPYSPRPTSHPRPIRV,negative
SIWEGIKNAGKGFLVSILDKVRCKVAGGCNP,"positive, negative"
IKLSPETKKNLKKVLKGAIKGAIAVAKMV,"positive, negative"
LVQRGRFGRFLRKIRRFRPKVTITIQGSARFG,"positive, negative"
VRLRIRVAVIRA,"positive, negative"
ENMFNIKSSVESDSFWG,"positive, negative"
FLPIIAKVLSGLL,positive
SQLGDLGSGAGQGGGGGGSIRAAGGAFGKLEAAREEEFFYKKQKEQLERLKNDQIHQAEFHHQQIKEHEEAIQRHKDFLNNLHK,positive
WKIKWKIKWKIK,"positive, negative"
GILDTLKQFAKGVGKDLVKGAAQGVLSTVSCKLAKTC,"positive, negative"
GLLSGILGAGKNIVCGLSGLC,negative
VARGWKRKCPLFGKGG,"positive, negative"
GLLSLLSLLGKLL,positive
ILKWKWKWWPWRR,"positive, negative"
APPPGYAMESDSFS,"positive, negative"
WNPFKELERAGQRVRDAIISAGPAVATVAQATALAK,"positive, negative"
FFPLLFGALSSHLPKLF,"positive, negative"
GANALKKYFTILKKFFKLAW,"positive, negative"
FKRIVQRIKDFAR,"positive, negative"
RRQGPIFDTRPSPFNPNQPRPGPIY,positive
KWKSFIKKLASKFLHSAKKF,negative
CLGVGSCNNFAGCGYAIVCFW,positive
YRGGYTGPIPRPPPIGRPPFRPVCNACYRLSVSDARNCCIKFGSCCHLVK,"positive, negative"
ILGKLLSTAAGLLSNL,positive
RRWWHWWRR,"positive, negative"
VTGELKRDKRVTCNIGEWVCVAHCNSKSKKSGYCSRGVCYCTN,negative
FLGALWNPAKSVF,"positive, negative"
RLARRVVIRVAR,"positive, negative"
FVPWFSKFLPRIL,"positive, negative"
ANTAFVSSAHNTQKIPAGAPFNRNLRAMLADLRQNAAFAG,"positive, negative"
ALLKLAPRLLAGIF,"positive, negative"
WGRRGWGAGRRYVRW,"positive, negative"
SNGDGTLDAGSTCAPFYARA,negative
FSKYERQKDKRPYSERKNQYTGPQFLYPPERIPPQKVIKWNEEGLPIYEIPGEGGHAEPAAA,"positive, negative"
IFGSLFSLGSKLLPSVFKLFSRKKQ,"positive, negative"
GILSTVFKAGKGIVCGLSGLC,"positive, negative"
NLLGSLLKTGLKVGSNLL,"positive, negative"
IRCRRRFCRI,"positive, negative"
LVNQLGISKSLANTILGAIAVGNLASWVLALVPGPGWATKAALATAETIVKHEGKAAAIAW,positive
FKRIVQRIKDFLR,"positive, negative"
KAAKKFAKAWAKAFKAA,negative
SKCRQWQWKIRRTNP,"positive, negative"
ATCDLLSFRSKWVTPNHAGCAAHCLLRGNRGGHCKGTICHCRK,"positive, negative"
LLKWLLKWLLK,"positive, negative"
ATYYGNGLYCNKQKHYTWVDWNKASREIGKIIVNGWVQH,positive
DIDFSTCARMDVPILKKAAQGLCITSCSMQNCGTGSCKKRSGRPTCVCYRCANGGGDIPLGALIKRG,"positive, negative"
RCVCTRGFCRCICLLGIC,"positive, negative"
FLGALIKGAIHGGRFIHGMIQNHH,"positive, negative"
KSCCRNTTARNCYNVCRIPG,"positive, negative"
LRRLWLRANRL,"positive, negative"
ATTGCSCPQCIIFDPICASSYKNGRRGFSSGCHMRCYNRCHGTDYFQISKGSKCI,positive
KKLALALAKKWLALAKKLALALAKK,negative
GLLSGILGAGKQKVCGLSGLC,"positive, negative"
RGLRRLGRKIAHGVKKYGPTVKRIKRKA,"positive, negative"
RCVCRRGVCRCVCRRGVC,"positive, negative"
AAVLLPVLLAAP,"positive, negative"
KWKLFKKIGIGAVLKVLTTGLIALIS,negative
KWKLFKKIGIGAVLKVLTTG,"positive, negative"
GLLSVLGSVVKHVIPHVVPVIAEHL,"positive, negative"
RRLIRLWLRLLR,"positive, negative"
KKWLKKWLK,"positive, negative"
FKKLKKLFKKILKLK,"positive, negative"
GWLRKIGKKIERVGQHTRDATIQVLGIAQQAANVAATAR,negative
GVVTDLLKTAGKLLGNLFGSLSG,"positive, negative"
LLDVLLE,"positive, negative"
GLFGVLAKVAAHVVPAIAEHF,"positive, negative"
FIGLLISAGKAIHDLIRRRH,"positive, negative"
GLLDAIKDTAQNLFANVLDKIKCKFTKC,"positive, negative"
SLPPTLEEEFNMKKMG,"positive, negative"
SIITMTREAKLPQLWKQIACRLYNTC,"positive, negative"
FLPLVGKILSGLI,positive
LNLKALGAVAKKIL,"positive, negative"
KWKSFIKKLTDKFLHSAKKF,negative
LKKLLKKLKKLLKK,"positive, negative"
SLWETIKNAGKGFILNILDKIRCKVAGGCKT,positive
AIHDILKYGKPS,"positive, negative"
GIGSILGVIAKGLPTLISWIKNR,"positive, negative"
AAFRGCWTKNYSPKPCL,positive
ILPILGNLLNSLL,"positive, negative"
GLFAVIKKVASVIGGL,positive
WFKKIPKFLHLLKKF,"positive, negative"
SAVGRHGRRFGLRKHRKH,"positive, negative"
KYGDVPLY,"positive, negative"
IGKKWKRIVKRIKKFLRKL,"positive, negative"
GAHDILKYGKPS,"positive, negative"
GWKDWLNKGKEWLKKKGPGIMKAALKAATQ,"positive, negative"
LGAWLAGKVAGTVATYAWNRYV,"positive, negative"
FLSAITSILGKFF,positive
GLLLDTLKGAAKDIAGIALEKLKCKITGCKP,"positive, negative"
FIFPKKNIINSLFGR,"positive, negative"
FLGALWNVAKRVF,"positive, negative"
GLWSKIKEAAKTAGLMAMGFVNDMV,"positive, negative"
GLWNSIKIAGKKLFVNVLDKIRCKVAGGCKTSPDVEYHK,"positive, negative"
GIADILKYGKPS,"positive, negative"
SIITTTKEAKLPQLWKQIACRLYNTC,"positive, negative"
GFFDLAKKVVGGIRNALGI,positive
IHFKWRRWKFHI,"positive, negative"
KTVNYGNGLYCNQKKCWVNWSETATTIVNNSIMNGLTGGNAGWHSGGRA,positive
ALYLAIRKR,"positive, negative"
APRRQLKW,negative
IKIPPIVKDTLKKVAKGVLSTIAGALST,"positive, negative"
VNRKKILGKSIKVVK,"positive, negative"
AGDPLADPNSQIVRQIMSNAAWGPPLVPERFRGMAVGAAGGVTQTVLQGAAAHMPVNVPIPKVPMGPSWNGSKG,negative
RRWWRHWRR,"positive, negative"
FLPGLIAGIAKML,positive
MPCSCKKYCDPWEVIDGSCGLFNSKYICCREK,negative
FLPILASLAATLGPKLLCLITKKC,positive
GIPCGESCVWIPCISAALGCSCKNKVCYRN,"positive, negative"
RLCRIVVIRVCR,"positive, negative"
AMVGT,"positive, negative"
APIIRRIPYYPEVESDLRIVDCKRSEGFCQEYCNYLETQVGYCSKKKDACCLH,negative
KYYGNGLSCNKSGCSVDWSKAISIIGNNAVANLTTGGAAGWKS,positive
GLLRASSVWGRKYYVDLAGCAKA,"positive, negative"
GILKSLLKKLKKIIAK,"positive, negative"
GGLIKIVPAMICAVTKKC,"positive, negative"
GVVTDLLKTAGKLLGNLVGSLSG,"positive, negative"
GIKDWIKGAAKKLIKTVASNIANQ,"positive, negative"
MQFITDLIKKAVDFFKGLFGNK,negative
GLFTLIKGAAKLIGKTVAKEAGKTGLELMACKITNQC,"positive, negative"
GFGCPGNQLKCNNHCKSISCRAGYCDAATLWLRCTCTDCNGKK,"positive, negative"
RLLRPLLQLLKQKLR,"positive, negative"
VRNFVTCRINRGFCVPIRCPGHRRQIGTCLGPQIKCCR,"positive, negative"
HRWWRWWRH,"positive, negative"
IWRIFRRIF,"positive, negative"
KRVKRFKKFFRKIKKGFRKIFKKTKIFIGGT,"positive, negative"
WKKIASIGKEVLKAL,"positive, negative"
INLKILARLAKKIL,"positive, negative"
FIHHIIGGLISVGKHIHGLIHGH,positive
NAQWGYGGYGRGYGGYGGYGRGYGGYGGYGRGYGGYGRGMYGGYGRPYGGYGWGK,"positive, negative"
ILKKWPWWPWRRK,positive
FKRIVQRIKDGLR,"positive, negative"
FKRIGQRIKDFLR,"positive, negative"
KWKSFKKKLTSKFLHSAKKF,negative
GIFPKIIGKGIKTGIVNGIKSLVKGVGMKVFKAGLSNIGNTGCNEDEC,negative
TTPATPAISILSAYISTNTCPTTKCTRAC,positive
IIPLPLGYFAKKT,"positive, negative"
LKKLLKKLKKLL,"positive, negative"
GIFSKLGRKKIKNLLISGLKNVGKEVGMDVVRTGIDIAGCKIKGEC,"positive, negative"
GTPLALLGGAATGVIGYISNQTCPTTACTRAC,positive
KRLRRVWRRWR,"positive, negative"
KKKAAFLKLWAKLFKAL,negative
LLKLLKWLLKLLK,positive
FLGGLFKLVPSVICAVTKKC,"positive, negative"
GSKKPVPIIYCNRRTGKC,positive
IPVLCPVCTSLVGKLIDLVLGGAVDKVTDYLETLCAKADGLVETLCTKIVSYGIDKLIEKILEGGSAKLICGLIHAC,positive
GIGGVLLSAGKAALKGLAKVLAEKYAN,"positive, negative"
AIGSILGRLAKGLPTLKSWIKNR,"positive, negative"
FLSTLLNVASKVVPTLFCKITKKC,"positive, negative"
SDDAQRCYPHNRTPFTYTYI,negative
GLAANFLPKIFCKITRKC,"positive, negative"
FLPIVGKLLSGLL,"positive, negative"
GLLSGTSVRGSI,"positive, negative"
GYNYAKKLANLAKKFANALW,"positive, negative"
FLGLLGGLL,positive
WLKKW,"positive, negative"
WLLKW,"positive, negative"
GILGKLWKGVKSIF,"positive, negative"
DLWQFGKMILKVAGKLPFPYYGAYGCYCGWGGRGKPKDPTDRCCFVHDCC,"positive, negative"
GSQLVYREWVGHSNVIKP,positive
KIIKVVK,positive
GILSSIKGVAKGVAKNVAAQLLDTLKCKITGC,"positive, negative"
GFWGKLWEGVKSAI,"positive, negative"
ALQFIQNTASGALYYNTKTHKYQYQQTSGA,"positive, negative"
RCLCRRGVCRCLCRRGVC,"positive, negative"
CVHWMTNTARTACIAP,"positive, negative"
GGAGHVPEYFVGIGTPISFYG,negative
FLPIIAGMAAKVICAITKKC,"positive, negative"
AKCLRWQWRMRKVGG,"positive, negative"
GLWQKIKDKASELVSGIVEGVK,positive
FFGWLIRGAIHAGKAIHGLIHRRRH,"positive, negative"
KWKIFKKIEKVGRNIRNGIIKAGPAVAVLGEAKAL,"positive, negative"
RIKRFWPVVIRTVVAGYNL,"positive, negative"
LKKLLKKLLKW,"positive, negative"
KRDPQQREYEDCRRHCEQQEPRLQYQCQRRCQEQQ,positive
RLSRIVVIRVCR,"positive, negative"
YRGGYTGPIPRPPPIGRPPLRLVVCACYRLSVSDARNCCIKFGSCCHLVK,"positive, negative"
ILGPVLGLVGNALGGLIKKI,"positive, negative"
GLIKIVPAMICAVTKKC,"positive, negative"
IGGYCSWLRL,"positive, negative"
FKCRRWQWRMAKLGA,"positive, negative"
GNLKALAAVAKKIL,"positive, negative"
KWCRCVCRRGICRCRCRG,"positive, negative"
LIKIVPAMICAVTKKC,"positive, negative"
SLSRFLSFLKIVYPPAF,"positive, negative"
RIWVIWRR,"positive, negative"
LALKALLAVAKKIL,"positive, negative"
KWKFKKIGIGAVLKVLTTGLPALKLTLK,negative
FLGAIAAALPHVINAVTNAL,"positive, negative"
LKKLLKLHKKLLKLAG,"positive, negative"
RQRDPQQQYEQCQERCQRHETEPRHMQTCQQRCERRYEKEKRKQQKR,positive
FLPMLAGLAANLLPKLFCKITKKC,"positive, negative"
LLGDFFRKSKEKIGKEFKRIVQR,"positive, negative"
KILRGVCKKIMRPFLRRISKDILTGKK,"positive, negative"
VRLRVKTRVRLK,"positive, negative"
GLLGTLGNLLNGLGL,positive
KFFRKLKKSVKKRAK,"positive, negative"
RLCRIVWVIRVCR,"positive, negative"
KWLKKWL,"positive, negative"
GLFKKLRRKIKKGFKKIFKRL,"positive, negative"
KRIVKLILKWLR,"positive, negative"
GAFGDLLKGVAKEAGMKLLNMAQCKLSGKC,"positive, negative"
IDWLKLGKMVMDVL,"positive, negative"
FKRLKKLISWIKRKRQQ,"positive, negative"
WLLKRWKKLL,"positive, negative"
AALKGCWTKSIPPKPCFGKR,"positive, negative"
KSLRPRCWIKIKFRCKSLKF,"positive, negative"
WLGSALKIGAKLLPSVVGLFKKKKQ,"positive, negative"
FKRLKKLAKKIWNWK,"positive, negative"
RRYYRF,"positive, negative"
EGVRNHVTCRINRGFCVPIRCPGRTRQIGTCFGPRIKCCRSW,"positive, negative"
FLPMLAGLAANFLPKLFCKITKKC,"positive, negative"
ACYCRIPACLAGERRYGTCFYRRRVWAFCC,"positive, negative"
RWLRKWTRKWLK,"positive, negative"
FLGMIPKLIKKLIKAFK,"positive, negative"
VDKPDYRPRPRPPNM,negative
GSQLVYREWVGHSNVIKGPP,positive
IHRDQQHESFLDARPEPGLTE,negative
ATCDLLSGTGINHSACAAHCLLRGNRGGYCNGKAVCVCRN,"positive, negative"
FNKLKQGSSKRTCAKCFRKIMPSVHELDERRRGANRWAAGFRKCVSSICRY,"positive, negative"
KKLLKKLLKWL,"positive, negative"
RWLRWWTRWRLK,"positive, negative"
FLPLIAGVAASILPKIFCFITKKC,"positive, negative"
ITKVITKLLNRLTKILSK,"positive, negative"
GIMDTVKNAAKDLAGQLLDKLKCRITGC,negative
IKLSPKTKDNLKKVLKGAIKGAIAVAKMV,"positive, negative"
WRLRWRLRWRLR,"positive, negative"
IIGHLIKTALGFLGL,negative
RIRWILRYWRWS,"positive, negative"
RVCYAIPLPICY,"positive, negative"
IRPAKLRWFKKIK,negative
GFGSLLGKALRLWKKVL,positive
FLPIIAGAAAKVVQKIFCAISKKC,"positive, negative"
GLPVCGETCVGGTCNTPGCTCSWPVCTRN,"positive, negative"
GLLKKLLKIAAKVGKKLL,"positive, negative"
AAGMGFFGAR,"positive, negative"
IHKFWRRWFKHI,"positive, negative"
GFLDSFKNAMIGVAKSAGKTALNTLACKIDKTC,"positive, negative"
VLASKNFGDK,positive
FLPFIARLAAKVFPSIICSVTKKC,positive
GLFRRLRDSIRRGQQKILEKARRIGERIKDIFRG,"positive, negative"
CLNLKALLAVAKKILC,"positive, negative"
GKIIKLKASLKLL,"positive, negative"
KNVNSIVKIQAFFRARKAQDDYR,"positive, negative"
KKKYPEYGSLDLRRECRIGNGQCKNQCHENEIRIAYCIRPGTHCCLQQ,positive
GNAACVIGCIGSCVISEGIGSLVGTAFTLG,positive
EPCSPKNNYHDLFYRT,negative
GDCGGTCTWTKDCSICPSWSCWSWSC,positive
GWFKKAWRKVKHAGRRVLDTAKGVGRHYLNNWLNRYRG,"positive, negative"
ALWMTLLKKVLKAAAKAALNAVLVGANA,"positive, negative"
ILGPVLSMVGSALGGLIKKI,"positive, negative"
IRVKIRVKIRVK,"positive, negative"
GVKELFGKAWGLVKKHLPKACGLLGYVKQ,"positive, negative"
SKKLICYCRIRGCKRRERVFGTCRNLFLTFVFCCS,"positive, negative"
DLWNSIKDMAAAAGRAALNAVTGMVNQ,positive
SIWGDIGQGVGKAAYWVGKAMGNMSDVNQASRINRKKKH,positive
FLPILAGLAANILPKVFCSITKKC,"positive, negative"
GLVSSIGRALGGLLADVVKSKEQPA,"positive, negative"
EIRLPEPFRFPSPTVPKPIDIDPILPHPWSPRQTYPIIARRS,positive
KKWWKFIKKAVNSGTTGLQTLAS,negative
SCNCVCGFCCSCSPSA,positive
GLFSVVTGVLKAVGKNVAKNVGGSLLEQLKCKKISGGC,"positive, negative"
LWKKIYRKWKRW,"positive, negative"
GLCAVNEFVALAAIPGGAATFAVCQMPNLDEIVSNAAYV,positive
GRLQAFLAKMKEIAAQTL,"positive, negative"
FALALKALKKALKKLKKALKKAL,negative
ATCDLASFSSQWVTPNDSLCAAHCIARRYRGGYCNGKRVCVCR,positive
HLLKRVQRELIRWLDWLK,negative
FSGGNCRGFRRRCFCTK,"positive, negative"
KKLKLALAKLALLWKALALKLKKA,negative
KRDPQQREYEDCRRRCEQQEPRQQHQCQLRCREQQ,positive
GFWGKLWEGVKNAI,"positive, negative"
FKRGVQRIKDFLR,"positive, negative"
KKWRWWLKALAKK,"positive, negative"
MAKEFGIPAAVAGTVINVVEAGGWVTTIVSILTAVGSGGLSLLAAAGRESIKAYLKKEIKKKGKRAVIAW,"positive, negative"
RPEIKKKNVFSKPGYCPEYRVPCPFVLIPKCRRDKGCKDALKCCFFYCQMRCVDPWESPE,"positive, negative"
FLKGCWTKWYSLKPKCPF,"positive, negative"
KWCFAVCYRGICYRRCR,"positive, negative"
ANLDAIIKIQAWARMWAARRQYL,"positive, negative"
CVWGGDCTDFLGCGTAWICV,positive
STALPVNSPMNKGDTEVMKCIVEVISDTLSKPSPMPVSQECFETLRGDERILSILRHQNLLKELQDLALQGAKERAHQQKK,positive
IIGGLFSAGKAIHRLIRRRRR,"positive, negative"
GLFDVVKGVLKGVGKNVAGSLLEQLKCKLSGGC,"positive, negative"
WRVRWRVRWRVR,"positive, negative"
SDCNINSNTAADVILCFNQVGSCALCSPTLVGGPVP,positive
PWNIFKEIERAVARTRDAVISAGPAVRTVAAATSVAS,"positive, negative"
GRPNPVNNKPTPHPRL,negative
FLPLVLGALSGILPKIL,"positive, negative"
GIHHILKYGKPS,"positive, negative"
MGAVAKFLGKAALGGAAGGATYAGLKKIFG,positive
GFGPAFHSVSNFAKKHKTA,"positive, negative"
INWKKIFEKVKDLV,"positive, negative"
PAQPFRIKKRQGPFERP,"positive, negative"
GIFNVFKGALKTAGKHVAGSLLNQLKCKVSGEC,"positive, negative"
KIASIGKEVLKAL,"positive, negative"
KWKLFKKGIGAVLKV,"positive, negative"
VWRRWRRFW,"positive, negative"
FVKWWSKWLKKIL,"positive, negative"
KWKSFIKKLTSKFLHSAKKN,negative
KVWSRLRKIFSTR,negative
KKLALALKKPALLWKKLALALKKA,negative
ILKKLLEGVKSI,negative
GNNRPIYIPQPRPPHPRL,"positive, negative"
IRIK,"positive, negative"
FFFLSRIFGK,"positive, negative"
GLLSGILGAGKHIVCGLSGLR,"positive, negative"
LLGDFFRKAKEKIGKEFKRIVQRIKDFLRNLVPRTES,negative
LNLKKLLKVAKKIL,"positive, negative"
LKKLLKKLKK,"positive, negative"
RIWFQNRRMRWRR,"positive, negative"
AKRLKKLAKKIWKWK,"positive, negative"
FLPVIAGVAANFLPKLFCAISKKC,"positive, negative"
GYHGGHGGHGGGYNGGGGHGGHGGGYNGGGHHGGGGHG,negative
RRWSFRVSYRGFSYRKSR,"positive, negative"
KRIVKLIKKWLR,"positive, negative"
GLLDGILNANFNAAKSAGTSVLNALSCKLSKTC,"positive, negative"
RRWVIWRR,"positive, negative"
HSSGYTRPLRKPSRPIFIRPIGCDVCYGIPSSTARLCCFRYGDCCHL,positive
FLPAIVGAAGKFLPKIFCAISKKC,negative
GRFRRLRKKTRKRLKKIGKVLKWIPPIVGSIPLG,"positive, negative"
TCSYTMEA,"positive, negative"
GLLDTIKNMALNAAKSAGVSVLNSLSCKLSKTC,"positive, negative"
GVWSTVLGGLKKFAKGGLEAIVNPK,"positive, negative"
SKCYQWQRRMRKLGAPSITCIRRTS,"positive, negative"
ALWKNMLKGIGKLAGQAALGAVKTLVGAES,"positive, negative"
RQRDPQQQYEQCQERCQRHETEPRHMQTCQQRCERRYEKEKRKQQKRYEEQQREDEEKYEERMKEED,positive
RIKRFWPVVIRT,"positive, negative"
EKCLRWQWRMRKVGG,negative
WGRAFSAGVHRLARGGRG,"positive, negative"
GGLIGTLTAKQIKK,"positive, negative"
LKWLKKWLK,"positive, negative"
INWKKIASIGKEV,"positive, negative"
AYSLQMGATAIKQVKKLFKKWGW,positive
RVKRVWPLVIRTVIAGYNLYRAIKKK,"positive, negative"
AAKIILNPKFRCKAAFC,negative
YSRCQLQGFNCVVRSYGLPTIPCCRGLTCRSYFPGSTYGRCQRF,"positive, negative"
IPPFIKKVLTTVF,"positive, negative"
DPVTYIRNGGICQYRCIGLRHKIGTCGSPFKCCK,"positive, negative"
IDWKKIFEKVKNLV,"positive, negative"
GAFGNFLKGVAKKAGLKILSIAQCKLFGTC,"positive, negative"
SVMGTVKDLLIGAGKSAAQSVLKALSCKLSKDC,"positive, negative"
FKRIVQRIKDNLR,"positive, negative"
MGFGCPEDEYECHNHCKNSVGCRGGYCDAGTLRQRCTCYGCNQKGRSIQE,"positive, negative"
INWKKIASIGKEVLKA,"positive, negative"
HLNKRVQRELIGWLRWLK,negative
KKKKKAAFAKAWAAFAA,negative
SGIPCTIGAAVAASIAVCPTTKCSKRCGKRKK,positive
GMWSKILGHLIR,"positive, negative"
GVLGAVKDLLIGAGKSAAQSVLKTLSCKLSNDC,"positive, negative"
FDITKLNIKKLTKATCKVISKGASMCKVLFDKKKQE,"positive, negative"
DYHHGVRVL,negative
FVPWFSKFLKRIL,"positive, negative"
ATCDLLSAFGVGHAACAAHCIGHGYRGGYCNSKAVCTCRR,positive
RRTCRCRFGRCFRRESYSGSCNINGRISSLCCR,"positive, negative"
GFRDVLKGAAKAFVKTVAGHIAN,"positive, negative"
LLAGLAANFLPKIFCKITRKC,"positive, negative"
KPAWCWYTLAMCGAGYDSGTCDYMYSHCFGVKHSSGGGGSYHC,positive
IPWKLPATFRPVERPFSKPFCRKD,"positive, negative"
RECKTESNTFPGICITKPPCRKACISEKFTDGHCSKILRRCLCTKPC,"positive, negative"
GTRCGETCFVLPCWSAKFGCYCQKGFCYRN,"positive, negative"
VRLIVKVRIWRR,"positive, negative"
GFMKYIGPLIPHAVKAISDLI,"positive, negative"
KTYYGTNGVHCTKKSLWGKVRLKNVIPGTLCRKQSLPIKQDLKILLGWATGAFGKTFH,positive
LRWQNEMRKV,"positive, negative"
NVWKKILGKIIKVVK,"positive, negative"
RLKKIGKVLKWI,"positive, negative"
LKKLLKLGKKLLKLAG,"positive, negative"
KWKSFLKTFKSASKTVLHTALKAISS,"positive, negative"
WLSKTAKKLWLSKTAKKL,"positive, negative"
FLGLIGSLL,positive
FLPAIVGAAGQFLPKIFCAISKKC,negative
KWKSFIKKLTSAAKKVVTTAKPLISS,negative
GCSRWIIGIHGQICRD,"positive, negative"
GRKSDCFRKNGFCAFLKCPYLTLISGLCSFHLC,"positive, negative"
SLGSFLKGVGTTLASVGKVVSDQFGKLLQAGQ,"positive, negative"
GLPQDCERRGGFCSHKSCPPGIGRIGLCSKEDFCCRSRWYS,negative
IGKEFKRIVQRIKDFLRNL,"positive, negative"
LKLLKKLLKLLKKL,"positive, negative"
RLARIVVIRWAR,"positive, negative"
FIGTALGIASAIPAIVKLFK,"positive, negative"
KLLKLLK,positive
RLRRIVVIRVAR,"positive, negative"
IGKLFKRIVQRIKKFLRNL,"positive, negative"
GVGSFIHKVVSAIKNVA,positive
VPLAIKIYRAWKRR,"positive, negative"
FLPAIAGVAAKFLPKIFCAISKKC,"positive, negative"
MPVAVGPYGQSQPSCFDRVKMGFVMGCAVGMAAGALFGPFSCLRIGMRGRELMGGIGKTMMQSGGTFGPFMAIGMGIRC,"positive, negative"
FLGALWNVAKSYF,"positive, negative"
GILGNIVGMGKKVVCGLSGLC,"positive, negative"
ALWKNMLKGIGKLAGQAALGAVKTLVGAE,"positive, negative"
YQWQRRMRKL,"positive, negative"
KWKLFKKVLKVLTTG,"positive, negative"
MHDFWVLWVLLEYIYNSACSVLSATSSVSSRVLNRSLQVKVVKITN,"positive, negative"
GSEIRGPCIDRFCRVICRNNGYESGHCNRWARGCSCASWIGR,positive
VQETQKLAKTVGANLEETNKKLAPQIKSAYDDFVKQAQEVQKKLHEAASKQ,positive
SKVWRHWRRFWHR,"positive, negative"
RFRRLRIKTRIRLKKI,"positive, negative"
LKKLLKLLKKLLKAAG,"positive, negative"
DYDWSLRGPPKCATYGQKCRTWSPPNCCWNLRCKAFRCRPR,"positive, negative"
FLGGLMKAFPAIICAVTKKC,"positive, negative"
GLWNSIKIAGKKLFVNVLDKIRCKVAGGC,"positive, negative"
KKWRWWLKALAKKLL,"positive, negative"
AKKVFKRLEKLFSKIFNFK,"positive, negative"
ILGTILGLLKGL,"positive, negative"
RTCRCRFGRCFRRESYSGSCNINGRIFSLCCR,"positive, negative"
SILDKIKNVALGVARGAGTGILKALLCKLDKSC,"positive, negative"
IYFIADKMGIQLAPAWYQDIVNWVSAGGTLTTGFAIIVGVTVPAWIAEAAAAFGIASA,positive
ASNFDCCLGYTDRILHPKFIVGFTRQLANEGCDINAIIFHTKKKLSVCANPKQTWVKYIVRLLSKKVKNM,"positive, negative"
AKKVFKRLEKLFSKIWNWK,"positive, negative"
KKLKAFLKAWAKLFKAL,negative
FWGKLWEGVKNAI,negative
AVNIPFKVHLRCKAAFC,negative
GLFDIIKKVASVIGGL,positive
HLNKRVQRELIRWLDWLK,negative
SGKLYYRRKK,"positive, negative"
GLLDTIKNMALNAAKSAGVSVLNSLSCKDSKTC,"positive, negative"
KEKLKLKCKAPKCYNDKLACT,"positive, negative"
FLPLAVSLAANFLPKLFCKITKKC,"positive, negative"
KWNSFIKKLTSKFLHSAKKF,negative
FLGVVFKLASKVFPAVFGKV,positive
LNLKKLLAVAKKIL,"positive, negative"
VIGSILGALASGLPTLISWIKNR,"positive, negative"
GHLGRPYIGGGGGFNRGGGFHRGGGFHRGGGFHSGGGFHRGGGFHSGGSFGYR,"positive, negative"
KFKKLFKKLSPVFKRIVQRIKDFLR,"positive, negative"
KWAFRVAYRGIAYRRAR,"positive, negative"
GGVKGEEKRVCPPDYVRCIRQDDPQCYSDNDCGDQEICCFWQCGFKCVLPVKDNSEEQIPQSKV,"positive, negative"
SSLLEKGLDGAKKAVGGLGKLGKDAVEDLESVGKGAVHDVKDVLDSV,"positive, negative"
SILPTIVSFLTKFL,positive
FLPMLAGLAASMVPKFVCLITKKC,"positive, negative"
EFTNVSCTTSKECWSVCQRLHNTSRGKCMNKKCRCYS,"positive, negative"
ALWKTLLKKVLKA,"positive, negative"
ATCDLLSGTGVKHSACAAHCLLRGNRGGYCNGRAICVCRN,positive
KWFRVYRGIYRRR,"positive, negative"
RRAAVVLIVIRR,"positive, negative"
ETESTPDYLKNIQQQLEEYTKNFNTQVQNAFDSDKIKSEVNNFIESLGKILNTEKKEAPK,positive
CWKWKWKWGSGWKWKWKWC,negative
CIGNGGRCNENVGPPYCCSGFCLRQPNQGYGVCRNR,positive
LRQSQFVGSR,"positive, negative"
LNWGAILKHIIK,"positive, negative"
FFSLIPSLVGGLISAFK,"positive, negative"
GLFLDTLKGAAKDVAGKLLEGLKCKIAGCKP,"positive, negative"
FLPLIGKILGTILGK,"positive, negative"
ATCDLLSGFGVGDSACAAHCIARGNRGGYCNSKKVCVCPI,"positive, negative"
AVDFSSCARMDVPGLSKVAQGLCISSCKFQNCGTGHCEKRGGRPTCVCDRCGRGGGEWPSVPMPKGRSSRGRRHS,"positive, negative"
ADVRNPLEEFRETDYEVL,"positive, negative"
ATCDLLSGIGVQHSACALHCVFRGNRGGYCTGKGICVCRN,"positive, negative"
GAILCNLCKDTVKLVENLLTVDGAQAVRQYIDNLCGKASGFLGTLCEKILSFGVDELVKLIENHVDPVVVCEKIHAC,positive
KKLAKLALLKWLLALKKLALLALKK,negative
HFKIRKRFVKKLV,negative
AMWKDVLKKIGTVALHAGKAALGAVADTISQ,"positive, negative"
VSLFPVSLFP,"positive, negative"
GGLRSLGRKILRAWKKYG,"positive, negative"
GFFGNTWKKIKGKADKIMLKKAVKIMVKKEGISKEEAQAKVDAMSKKQIRLYVLKHYGKKALQKASEKL,negative
RLLKFIKKLL,"positive, negative"
RQRDPQQQYEQCQKHCQRRETEPRHMQTCQQRCERRYEKEKRKQQ,positive
ALWMTLLKKVLKAAAKALNAVLVGANA,"positive, negative"
RRWKIVVIRWRR,"positive, negative"
RRLRWWTRWRLK,"positive, negative"
KRGFGCNGPWNEDDLRCHNHCKSIKGYKGGYCAKGGFVCKCY,positive
YSRCQLQGFNCVVRSYGLPTIPCCRGLTCRSYFPGSTYGRCQRY,"positive, negative"
FLPVIAGVLSKLF,"positive, negative"
GFMDTAKNVAKNVAATLLDKLKCKITGGC,"positive, negative"
INWSSIFEKVKNLV,"positive, negative"
RWKRHISEQLRRRDRLQRQAF,"positive, negative"
KWFNEKSIQNKIDEKIGKNFLGGMAKAVVHKLAKNEFMCVANVDMTKSCDTHCQKASGEKGYCHGTKCKCGVPLSY,negative
AYPGNGVHCGKYSCTVDKQTAIGNIGNNAA,positive
AAPRGGKGFFCKLFKDC,"positive, negative"
KFCEKPSGTWSGVCGNSGACKDQCIRLEGAKHGSCNYKLPAHRCICYYEC,"positive, negative"
RKCLRWQWEMRKYGG,"positive, negative"
KYYGNGVSCNKKGCSVDWGKAIGIIGNNSAANLATGGAAGWSK,positive
RGARIVVIRVAR,"positive, negative"
GILDSFKQFAKGVGKDLIKGAAQGVLSTMSCKLAKTC,positive
FLFKLIPKAIKGLVKAIRK,"positive, negative"
GWAKLITKAIKKI,negative
FLPLLLAGLPLKLCFLFKKC,positive
FLPMLAGLAANFLPKIVCKITKKC,"positive, negative"
GIHDILKYGAPS,"positive, negative"
GIFPKIIGKGIKTGIVNGIKSLVKGVGMKVFKAGLNNIGNTGCNEDEC,negative
PRPRCRRRFCRPRP,"positive, negative"
GLFSKLNKKKIKSGLIKIIKTAGKEAGLEALRTGIDVIGCKIKGEC,"positive, negative"
GFGMALKLLKKVL,"positive, negative"
KWKSFLKTFKSLKKTVLHTLLKAISS,negative
GLMDVFKGAAKNLLASALDKIRCKVTKC,"positive, negative"
RGGRLCYCRRRFCICV,"positive, negative"
TTPLCVGVIIGLTTSIKICK,positive
KWCFRVCYRAICYRRCR,"positive, negative"
MWGRILAFVAKYGTKAVQWAWKNKWFLLSLGEAVFDYIRSIWGG,positive
FLPLFASLIGKLL,positive
IFGSLFSLGSKLLPTVFKLFSRKKQ,"positive, negative"
WGRAFSAGVHRLANGGNG,"positive, negative"
MNKEYNSISNFKKITNKDLQNINGGFIGRAIGDFVYFGAKGLRESGKLLNYYYKHKH,positive
KKLAKAPKLLALLWLKLAKALKKA,negative
LRIVKLILKWLR,"positive, negative"
RLARIVKIRVAR,"positive, negative"
AFAKLKK,"positive, negative"
FLSHIAGFLSNLFGK,"positive, negative"
RFRRLRWRTRWRLRRI,"positive, negative"
GILDKLKEFGISAARGVAQSLLNTASCKLAKTC,negative
KWKLFKKIGIGAVLKVLTTGLPALKLTLK,negative
VRLRIRVAVIRK,"positive, negative"
YITCLFRGARCRVYSGRSCCFGYYCRRDFPGSIFGTCSRRNF,positive
QIVDCWETWSRCTKWSQGGTGTLWKSCNDRCKELGRKRGQCEEKPSRCPLSKKAWTCICY,"positive, negative"
SIPCGESCVFIPCTVTALLGCSCKSKVCYKN,"positive, negative"
GLFDIIKKIAESF,"positive, negative"
FIGGIISFIKKLF,"positive, negative"
FRFRCRRRFCRFRF,"positive, negative"
KWCRKWQWRGVKFIKCV,"positive, negative"
GWINEEKIQKKIDEKIGNNILGGMAKAVVHKLAKGEFQCVANIDTMGNCETHCQKTSGEKGFCHGTKCKCGKPLSY,"positive, negative"
GILSSLWKKLKKIIAK,"positive, negative"
INWKKLGKKILGAL,"positive, negative"
KLIPILSKTIPAGKNLFYKI,"positive, negative"
GVLDILKNAAKNILAHAAEQI,negative
RFRRLRCKTRCRLKKI,"positive, negative"
AAKLLLKLLLKAA,"positive, negative"
AAHHIIGGLFSAGKAIHRLIRRRRR,"positive, negative"
LKKLLKLEKKLLKLAG,"positive, negative"
GLWEKVKEKANELVSGIVEGVK,positive
SLQPGAPNINNKDQPWQVSPHISRDDNGNTRTNINVQRHGENNDFEAGWSKVVRGPNKAKPTWHIGGTHRW,negative
GIGGALLSAKAALGLAKGLAEHFAN,"positive, negative"
FRCRRRFCRF,"positive, negative"
FLKALWKVAKSVF,"positive, negative"
FLPVILPVIGKLLSGIL,"positive, negative"
KLLKWWKKLL,"positive, negative"
MGAIAKLVAKFGWPFIKKFYKQIMQFIGQGWTIDQIEKWLKRH,positive
VRLWIRVAVIRA,"positive, negative"
AFKLLGRIIHHVGNFVYGFSHVF,positive
MGAVIKVGAKVIGWGAASGAGLYGLEKILKK,positive
FLPLLAGLAANFLPKIFCKITKKC,"positive, negative"
GWLKKIGKKIERVGQHTRDATIQVIGVAQQAANVAATAR,negative
RIGSILGRLAKGLPTLKSWIKNR,"positive, negative"
LLKWLKK,positive
MAFKKLEKVGRNIRDGIIKAGPAVAVIGQATSIARPTGK,"positive, negative"
GIGKFLHSAKKWGKAFVGEIMNS,"positive, negative"
GWVACVGACGTVCLASGGVGTEFAAASYFL,positive
EKYTEVPEYI,"positive, negative"
FVGPVLKIAAGILPTAICKIYKKC,positive
PCNPDHDYRPFGNFRIAFTT,negative
LKKLLKLDKKLLKLAG,"positive, negative"
KRFRIRVRVIRK,"positive, negative"
VRNHVTCRINRGFCVPIRCPGRTRQIGTCFGPRIKCCRSW,"positive, negative"
ALFSILRGLKKLGKMGQAFVNCEIYKKC,negative
GFFGNTWKKIKGKADKIMLKKAVKIMVKKEGISKEEAQAKVDAMSKKQIRLYLLKHYGKKALQKASEKL,negative
GIWGTLAKIGIKAVPRVISMLKKKKQ,"positive, negative"
IIRKIIRK,"positive, negative"
GLLSGILGAGKHIVCGLTGCAKA,"positive, negative"
FVPYNPPRPGQSKPFPSFPGHGPFNPKIQWPYPLPNPGH,negative
KLIWILSKTIPAGKNLFYKI,"positive, negative"
GLLNTFKDWAISIAKGAGKGVLTTLSCKLDKSC,"positive, negative"
PRCRRRFCRP,"positive, negative"
NSGGAAVVAALGCAAGGVKYGRLLGPWGAAIG,positive
KLLSHSLLVTLA,"positive, negative"
FFPVIGRILNGIL,"positive, negative"
FKRIVQRIKDFLRNLV,negative
GIKEMLCNMACAQTVCKKSGGPLCDTCQAACKALG,"positive, negative"
IIGHLIKTALGMLGL,positive
LRRLWLRANRLLRRLWLRANRL,"positive, negative"
FLPMLAGLAANFLPELFCKITKKC,"positive, negative"
HLLKRVQRELIGWLDWLK,negative
INSLKLGKKILGAL,"positive, negative"
GIFSKFAGKGIKNLLVKGVKNIGKEVGMDVIRTGIDIAGCKIKGEC,"positive, negative"
SLGGVISGAKKVAKVAIPIGKAVLPVVAKLVG,"positive, negative"
AGCIKNGGRCNASAGPPYCCSSYCFQIAGQSYGVCKNR,positive
LLKAAAKAAAKLL,"positive, negative"
YVPLPNVPQPGRRPFPTFPGQGPFNPKIKWPQGY,"positive, negative"
GWCRCVCRRGICRCFCRK,"positive, negative"
LAHQKPFIRKSYKCLHKRCR,"positive, negative"
PNWTKIGKCAGSIAWAIGSGLFGGAKLIKIKKYIAELGGLQKAAKLLVGATTWEEKLHAGGYALINLAAELTGVAGIQANCF,positive
TWATIGKTIVQSVKKCRTFTCGCSLGSCSNCN,"positive, negative"
VGECVRGRCPSGMCCSQFGYCGKGPKYCG,positive
FNRGGYNFGKSVRHVVDAIGSVAGIRGILKSIR,positive
FKCRRWQWRMKKAGA,"positive, negative"
AKCLRWQWAMRKYGG,negative
FFGAIAAALPHVISAIKNAL,positive
GILDSFKGVAKGVAKDLAGKLLDKLKCKITGC,"positive, negative"
KLGALWNVAKSVF,"positive, negative"
DPQTECQQCQRRCRQQESGPRQQQYCQRRCKEICEEEEEYN,positive
FLGGLMKIIPAAFCAVTKKC,"positive, negative"
FLQRIIRALGRLF,"positive, negative"
GLLDTLKGAAKNVVGSLASKVMEKL,"positive, negative"
GWINEEKIQKKIDEP,positive
FSTKTRNWFSEHFKKVKEKLKDTFA,"positive, negative"
KGGPCAKKPCCGPLGHYKVDCSTIPDYPCCSKYGFCGSGPQYCG,"positive, negative"
TWLPAVIKIQAHWRGYRQRKIYL,"positive, negative"
GLFSVLGSVAKHLLPHVAPIIAEKL,positive
GFFGKMKEYFKKFGASFKRRFANLKKRL,"positive, negative"
FIGPIISALASLFG,"positive, negative"
FLGALWKVAKKVF,"positive, negative"
KWLLKWL,"positive, negative"
VDKPPYLPRPRPPRRIYNR,negative
APKKQLKW,negative
GLGSILGKILNVAGKVGKTIGKVADAVGNKE,negative
RGGGLCYCRRRFCVCVGR,"positive, negative"
GLLGPLLKIAAKVGSNLL,"positive, negative"
INWKKIASIGKEVLKAL,"positive, negative"
GATAIKQVKKLFKKWGW,positive
KLLKWLKKLLK,"positive, negative"
GKVWDWIKSTAKKLWNSEPVKELKNTALNAAKNLVAEKIGATPS,"positive, negative"
LLGDFFRKAKEKIGKEFKRIVQR,positive
ATCDLASIFNWNHALCAAHCIARRYRGGYCNSKAVCVCR,positive
KAAKAAKKAAKAAWK,"positive, negative"
ASGRDIAMAIGTLSGQFVAGGIGAAAGGVAGGAIYDYASTHKPNPAMSPSGLGGTIKQKPEGIPSEAWNYAAGRLCNWSPNNLSDVCL,negative
ACYCRIPACIAGERRYGTCIYQGRLWAFCC,"positive, negative"
RIIRPIIQIIKQKIR,"positive, negative"
RQIRIWFQNRRMRWRR,"positive, negative"
KLIFILSKTIPAGKNLFYKI,"positive, negative"
HLNKRVQRLLIGWLDWLK,negative
LFWKLLLKALRLWAKVL,"positive, negative"
KLKLLLLLKLK,"positive, negative"
GILDTFKNMALNAAKSAGVSVLNALSCKLSKTC,"positive, negative"
WLNALLHHGLNCAKGVLA,"positive, negative"
GIFSSRKCKTPSKTFKGICTRDSNCDTSCRYEGYPAGDCKGIRRRCMCSKPC,"positive, negative"
KRWRIRVRVIRK,"positive, negative"
LPVNSPMNKGDTEVMKCIVEVISDTLSKPSPMPVSKECFETLRGDERILSILRHQNLLKELQDLALQGAKERTHQQ,positive
AIKIRKLFKKLLR,negative
FISAIASFLGKFL,positive
LKKLLKLNKKLLKLAG,"positive, negative"
RRLCRIVVIRVCRR,"positive, negative"
ILPILAPLIGGLL,"positive, negative"
LKKLLKLQKKLLKLAG,"positive, negative"
WKSDVRRWRSRY,"positive, negative"
GLLKR,"positive, negative"
GFLDSFKNAMIGVAKSVGKTALSTLACKIDKSC,"positive, negative"
GAIKDALKGAAKTVAVELLKKAQCKLEKTC,"positive, negative"
KWKSFIKKLPSAAKKVVTTAKPLALIS,negative
VTCYCRSTRCGFRERLSGACGYRGRIYRLCCR,"positive, negative"
RFRRLRWKTRWRLKKIRFGRFLRKIRRFRPK,"positive, negative"
FKSWSLCTPGCARTGSFNSYCC,positive
GIKFFLKKLKKHI,negative
TRDTNDLISSRTAAPSMV,negative
GILSSLLKKLKKIIAK,"positive, negative"
KLLRHRLLVTLA,"positive, negative"
ARSYGNGVYCNNKKCWVNRGEATQSIIGGMISGWASGLAGM,positive
GANAAKKLATFAKKIFTAYW,"positive, negative"
RWWWRWW,positive
LPRDTSRCVGYHGYCIRSKVCPKPFAAFGTCSWRQKTCCVDTTSDFHTCQDKGGHCVSPKIRCLEEQLGLCPLKRWTCCKEI,negative
SNDSLWYGVGQFMGKQANCITNHPVKHMIIPGYCLSKILG,positive
RIVELTLPRVSVRL,negative
VNWKKVLKKIIKVAK,"positive, negative"
GFMDTAKNVAKNMAGNLLDNLKCKITKAC,"positive, negative"
KDRPKKPGLCPPRPQKPCVKECKNDDSCPGQQKCCNYGCKDECRDPIFVG,positive
INWKKIASIGKEVLK,"positive, negative"
GFMDTAKNVAKNVAVTLLDKLKCKITGGC,"positive, negative"
FLSLIPHAINAVSALANHG,"positive, negative"
RFRRLRKKTRKRLKKI,"positive, negative"
RWIRWVWRKKLRI,negative
KKLALALAKKWLPLAKKLALALAKK,negative
DLRFLYPRGKLPVPTLPPFNPKPIYIDMGNRY,"positive, negative"
LKKLLKLPKKLLKLAG,"positive, negative"
ILPFVAGVAAEMMEHVYCAASKKC,"positive, negative"
VNWKKILKKIIKVAK,"positive, negative"
SLQGGAPNFPQPSQQNGGWQVSPDLGRDDKGNTRGQIEIQNKGKDHDFNAGWGKVIRGPNKAKPTWHVGGTYRR,"positive, negative"
AFTCHCRRSCYSTEYSYGTCTVMGINHRFCCL,"positive, negative"
GLLKRIKTL,"positive, negative"
KWKVFKKIEKMGRNIRNGIVKAGPAIAVLGEAKAL,"positive, negative"
GNGVFKTISHECHLNTWAFLATCCS,positive
KWCFRRCYRGICYRRCR,"positive, negative"
GFMDTAKNVAKNVAVTLIDKLRCKVTGGC,"positive, negative"
HLNKRVQRLLIRWLDWLK,negative
KFFRKLKKSVKKRAKEFFKKPRVIGVSIPF,"positive, negative"
KCWNLRGSCREKCIKNEKLYIFCTSGKLCCLKPK,"positive, negative"
DEKPKLILPTPAPPNLPQLVGGGGGNRKDGFGVSVDAHQKVWTSDNGRHSIGVTPGYSQHLGGPYGNSRPDYRIGAGYSYNF,negative
YSSKDCLKDIGKGIGAGTVAGAAGGGLAAGLGAIPGAFVGAHFGVIGGSAACIGGLLGN,positive
IKLSKETKDNLKKVLKGAIKGAIAVAKMV,"positive, negative"
KYYGNGVHCGKHSCTVDWGTAIGNIGNNAAANWATGGNAGWNK,positive
SILSGNFGVGKKIVCGLSGLC,negative
AGECVQGRCPSGMCCSQFGYCGRGPKYCGR,positive
WIKAAAKAAAKIW,"positive, negative"
RRIRPRPPRLPRPRPRPLPFPRPGPRPIPRPLPFPRPGPRPIPRPLPFPRPGPRPIPRP,negative
ACYCRIPACFAGERRYGTCFYLGRVWAFCC,"positive, negative"
GILSGVLGMGKKIVCGLRGLC,"positive, negative"
VCSCRLVFCRRTELRVGNCLIGGVSFTYCCTRV,"positive, negative"
GRRKRKWLRRIGKGVKIIGGAALDHL,"positive, negative"
ANVGFVIQLQARLRGFLVRQKFA,"positive, negative"
FLGALWRVAKSVF,"positive, negative"
GNNRPVYIPQPRPPHPRL,"positive, negative"
INWKKIFEKVKNLV,"positive, negative"
GRFKRFRKKFKKLFKKLSPVIPLLHLG,"positive, negative"
IIGPVLGMVGSALGGLLKKI,"positive, negative"
GLFPKINKKKAKTGVFNIIKTVGKEAGMDLIRTGIDTIGCKIKGEC,"positive, negative"
KKLKLALAKLAPLWKALALKLKKA,negative
KCKWWNISCDLGNNGHVCTLSHECQVSCN,positive
RIKRFWPVVIRTVVAGYN,"positive, negative"
RIKRFWPVVIRTVVAGYNLYR,"positive, negative"
GWKKWFTKGERLSQRHFA,"positive, negative"
FFSASCVPGADKGQFPNLCRLCAGTGENKCA,negative
KKLALKALKLWLLALLKLAKLALKK,negative
FRFGSFLKKVWKSKLAKKLRSKGKQLLKDYANKVLNGPEEEAAAPAE,"positive, negative"
SMISVLKNLGKVGLGFVACKVNKQC,"positive, negative"
RIVQRIKKWLLKWKKLGY,"positive, negative"
GVIDAAKKVVNVLKNLF,"positive, negative"
GVITDALKGAAKTVAAELLRKAHCKLTNSC,"positive, negative"
GLLGGLLGPLLGGGGGGGGGLL,negative
SDDEDEEEEEDQPWQLNPNIARGDDGNTRADVNIKRRGENHDFEAGWSKVVDGPDRAKPTWHVGGTFRW,positive
FLSTLWNAAKSIF,"positive, negative"
GLLGSLFGAGKKVACALSGLC,"positive, negative"
AKKVFKRLEKLFSKIQNWK,"positive, negative"
GFFDRIKALTKNVTLELLNTITCKLPVTPP,"positive, negative"
IHHIHHI,negative
LAKKIYRAWKRW,"positive, negative"
KKWKKFIKKIGIGAVLTTPGAKK,negative
GSCSCSGTISPYGLRTCRATKTKPSHPTTKETHPQTLPT,positive
GPKTKAACKMACKLATCGKKPGGWKCKLCELGCDAV,"positive, negative"
GCRRWCYKQRCVTYCRGR,"positive, negative"
ILKWKWPWWPWRR,"positive, negative"
DICTNCCAGTKGCNTTSANGAFICEGQSDPKKPKACPLNCDPHIAYA,positive
GVVDILKGAGKDLLAHLVGKISEKV,negative
GIFSTVFKAGKGIVCGLTGLC,"positive, negative"
GKWMSLLKHILK,"positive, negative"
ADDKNPLEEFRETNYEVFLEIAKNGLKATSNPKRVVIVGAGMAGLSAAY,negative
GIMSSLMKKLAKIIAK,"positive, negative"
DFASCHTNGGICLPNRCPGHMIQIGICFRPRVKCCRSW,negative
FHPSLWVLIPQYIQLIRKILKSG,positive
GVFTLIKGATQLIGKTLGKELGKTGLELMACKITEQC,"positive, negative"
IIYCNRRTGKCQRM,"positive, negative"
TLKQFAKGVGKWLVK,"positive, negative"
RQRDPQQQYEQCQKRCQRRETEPRHMQICQQRCERRYEKEKRKQQKRYEEQQREDEEKYEERMKEGD,positive
GLMSLFRGGVLKTAGKHIFKNVGGSLLDQAKCKITGEC,"positive, negative"
KWKVFKKIEKMGRNIRNGIVKAGPAIAVLGEAKALG,"positive, negative"
QVYKGGYTRPVPRPPPFVRPLPGGPIGPYNGCPVSCRGISFSQARSCCSRLGRCCHVGKGYS,"positive, negative"
HLNKRVQRELIGWLDWLK,negative
GLVTGLLKTAGKLLGDLFGSLTG,"positive, negative"
HRVKRNGFRKFMRRLKKFFAGG,"positive, negative"
KILGKLWKGVKSIF,"positive, negative"
VNWKKILGKSIKVSK,"positive, negative"
GILDVAKTLVGKLRNVLGI,positive
GILGNIVGMGKQVVCGLSGLC,"positive, negative"
SKVWRHWRRFWHRAHRLH,"positive, negative"
PAQPFRFPKHPQGPQTRPPI,"positive, negative"
CAKAKAKAGSGAKAKAKAC,negative
DHHHDHGHDDHEHEELTLEKIKEKIKDYADKTPVDQLTERVQAGRDYLLGKGARPSHLPARVDRHLSKLTAAEKQELADYLLTFLH,positive
GIPCGESCVFIPCITAAIGCSCKSKVCYRN,"positive, negative"
FLPVLTGLTPSIVPKLVCLLTKKC,"positive, negative"
PPTQNPSMAPPTQNPYGQPMTPPTQNPYGQPMAPP,"positive, negative"
RGLRRLGRKIAHGVKKYGATVLRIIRIA,"positive, negative"
KWKLFKKIPKFLHLAKK,"positive, negative"
RIGSILGALAKGLPTLKSWIKNR,"positive, negative"
ATYYGNGLYCNSKKCWVEWGITGGCLAQYAIGGWLGGAVPGKC,positive
VWRRWRRFWRR,"positive, negative"
RGGRLCYCRRRFCVCVGR,"positive, negative"
APRKNVRWCAISLPEWSKCYQWQRRMRKLGAPSITCIRRTS,"positive, negative"
KWKSFIKKLTSKFLHSAKKF,negative
FKRIVQRIKDHLR,"positive, negative"
GCRALCYKQRCVTYCRGA,"positive, negative"
FFRLLFHGVHHVGKIKPRA,"positive, negative"
GIFSKISGKAIKNLFIKGAENVGKHVGIDVVRTGIDVVGCKIKGEC,"positive, negative"
ARLDVASEFRKKWNKWALSR,"positive, negative"
KLLKKAGKLLKKAGKLLKKAG,"positive, negative"
GYGGHGGHGGHGGHGGHGGHGHGGGGHG,negative
VRRFGWWWGFLRR,"positive, negative"
KKIASIGKEVLKAL,"positive, negative"
YPGPQAKEDSEGPSQGPASREK,positive
FFPLALLCKVFKKC,"positive, negative"
ILGKILEGIKSLF,"positive, negative"
KWKSFIKKLTKKFLHSAKKF,"positive, negative"
FITLLLRKFICSITKKC,"positive, negative"
GCFEDWSRCSPSTSRGTGVLWRDCDSYCKVCFKADRGECFDSPSLNCPQRLPNNKQCRCINARTAKDNRNPTCWA,positive
RRTCRCRFGRCFRRESYSGSCNINGRIFSLCCR,"positive, negative"
SPIHACRYQRGVCIPGPCRWPYYRVGSCGSGLKSCCVRNRWA,negative
GKIPVKAIKKGGQIIGKALRGINIASTAHDIISQFKPKKKKNH,"positive, negative"
ATYDGKCYKKDNICKYKAQSGKTAICKCYVKVCPRDGAKCEFDSYKGKCYC,"positive, negative"
FCKSLPLPLSVK,"positive, negative"
GVLDILKGAAKDLAGHVATKVI,"positive, negative"
GLFGKILGVGKKVLCGLSGMC,"positive, negative"
LGDFFRKSKEKIGKEFKRIVQRIKDFLRNLAKRHHGYKRKFH,"positive, negative"
GLFSKFAGKGIKDLIFKGVKHIGKEVGMDVIRVGIDVAGCKIKGVC,"positive, negative"
FKCRRWQWRMKKLGA,"positive, negative"
RLSRIVVIRVSR,"positive, negative"
FVGAIAAALPHVISAIKNAL,positive
RRWRIVVIRVRR,"positive, negative"
GFGSLLGKALRLGANVL,"positive, negative"
ACHAHCQSVGRRGGYCGNFRMTCYCY,"positive, negative"
TVVTNA,positive
KTCENLADTFRGPCFATSNC,"positive, negative"
RVKRFWPLVPVAINTVAAGINLYKAIRRK,"positive, negative"
FLYIVAKLLSGLL,positive
LLGDFFRKSKEKIGKEFKRIVQRIKDFLRNLVPRTES,"positive, negative"
AKKVFKRLEKLFSKIYNYK,"positive, negative"
DSIRDVSPTFNKIRRWFDGLFK,negative
FLPIIAGIAAKFLPKIFCTISKKC,"positive, negative"
IKLSKKTKDNLKKVLKGAIKGAIAVAKMV,"positive, negative"
GLGGAKKNFIIAANKTAPQSVKKTFSCKLYNG,"positive, negative"
GLNALKKVFQGIHEAIKLINNHVQ,"positive, negative"
FLSSIGKILGNLL,"positive, negative"
KWCRCVCRRGICRCRCRK,"positive, negative"
GIHAILKYGKPS,"positive, negative"
AKRIVQRIKDFLR,"positive, negative"
GLKEIFKAGLGSLVKGIAAHVAN,negative
MFTMKKPLLLIVLLGIISLSLCEQERAADEEEGEMIEEEVKRSLLGTVKDLLIGAGKSAAQSVLKGLSCKLSKDC,"positive, negative"
PDPAKTAPKKGSKKAVTKA,negative
SWASMAKKLKEYMEKLKQRA,"positive, negative"
LKLLKKL,"positive, negative"
INWKKIAEIGKQVLSAL,"positive, negative"
GLWDSIKIAGKKLFVNVLDKIRCKVAGGC,"positive, negative"
VTCDLLSIKGVAEHSACAANCLSMGKAGGRCENGICLCRKTTFKELWDKRF,positive
GFLGSLLKTGLKVGSNLL,"positive, negative"
LRDLVCYCRSRGCKGRERMNGTCRKGHLLYTLCCR,"positive, negative"
LGALFRVASKVFPAVISMVK,positive
GETDPNTQLLNDLGNNMAWGAALGAPGGLGSAALGAAGGALQTVGQGLIDHGPVNVFIPVLIGPSWNGSGSGYNSATSSSGSGS,negative
FLPFLAKILTGVL,positive
LQDAALGWGRRCPQCPRCPSCPSCPRCPRCPRCKCNPK,"positive, negative"
RIWVIRWR,"positive, negative"
FVYGNGVTSILVQAQFLVNGQRRFFYTPDK,positive
KRIVQRIKDFLRNLVPRTES,"positive, negative"
AVNIPFKVHFRCKAAFC,"positive, negative"
RRLRPRRPRLPRPRPRPRPRPR,"positive, negative"
QCRRLCYKQRCVTYCRGR,"positive, negative"
NWRKILGQIASVGAGLLGSLLAGYE,"positive, negative"
INWKKIFQKVKNLV,"positive, negative"
INWLRLGRRILGAL,"positive, negative"
ALLHHGLNCAKGVLA,"positive, negative"
KVHGSLARAGK,"positive, negative"
LAIKIYRAWKRR,"positive, negative"
SGTSEKERESGRLLGVVKRLIVGFRSPFR,"positive, negative"
WGRRGWGKGRRYVRW,"positive, negative"
HVINLEESFQEPEYENHLA,"positive, negative"
FLPLLASLFSRLF,positive
ILGKIWKGIKSLF,"positive, negative"
AVPAVRKTNETLD,positive
GLKEVAHSAKKFAKGFISGLTGS,"positive, negative"
LFCRKGTCHFGGCPAHLVKVGSCFGFRACCKWPWDV,"positive, negative"
KLFKKIGIGAVLKVLTTGLPALKLTK,negative
KLWKLFKKIGIGAVLKVLTTGLPALKLTK,negative
PDPGQPWQVKAGRPPCYSIPCRKHDECRVGSCSRCNNGLWGDRTCR,"positive, negative"
LCLDQKPEMEPFRKDAQQALEPSRQRRWLHRRCLSGRGFCRAICSIFEEPVRGNIDCYFGYNCCRRMFSHYRTS,"positive, negative"
RWKIFKKIKKFLHSAKKF,"positive, negative"
KWKLFKKIPFLHLAKKF,"positive, negative"
QRGGFTGPIPRPPPHGRPPLGPICNACYRLSFSDVRICCNFLGKCCHLVK,"positive, negative"
FKRINQRIKDFLR,"positive, negative"
VTCDLLSFEAKGFAANHSLCAAHCLAIGRRGGSCERGVCICRR,positive
RWKRHISEQLRRRDRLQR,"positive, negative"
MGAIAKLVAKFGWPIVKKYYKQIMQFIGEGWAINKIIEWIKKHI,positive
GLHKVMREVLGYERNSYKKFFLR,negative
FLPVLAGVLSRA,"positive, negative"
GFGSKPLDSFGLNFF,positive
RICRIVVIRCIR,"positive, negative"
GIFSLIKTAAKFVGKNLLKQAGKAGVEHLACKANNQC,"positive, negative"
RRLRKKTRKRLKKIGKVLKWI,"positive, negative"
ILKKLLKKVKKI,negative
MGAIAKLVAKFGWPIVKKYYKQIMQFIGEGWAINKIIDWIKKHI,positive
